industry,quarter,cai_observe,cai_check,cai_priority,cai_undetermined,necessary_stage,possible_stages,n_possible,is_discriminating,v1_0_stage,d_stage,run_id,run_started_at,input_sha256,prereg_sha256,prereg_status,prereg_amendment_ids,phase
기계,2022Q1,0.0,0.9994269340974212,0.0005730659025787965,0.0,,CHECK|PRIORITY,2,True,OBSERVE,CHECK,20260916T154838264753Z-3c7692cc,2026-09-16T15:48:38.264753+00:00,58499908a6af50344a1362c55c840a58cfd80d4373c7098c4c97a9e0271a573b,2e705ec469750609c6d2617daa47a33651f237ca1659d3fc9556011d5ee4f0e7,DRAFT,"AM1,AM2,AM3",3
기계,2022Q2,0.0,0.9931232091690544,0.006876790830945559,0.0,,CHECK|PRIORITY,2,True,CHECK,CHECK,20260916T154838264753Z-3c7692cc,2026-09-16T15:48:38.264753+00:00,58499908a6af50344a1362c55c840a58cfd80d4373c7098c4c97a9e0271a573b,2e705ec469750609c6d2617daa47a33651f237ca1659d3fc9556011d5ee4f0e7,DRAFT,"AM1,AM2,AM3",3
기계,2022Q3,0.0,0.9438395415472779,0.056160458452722065,0.0,,CHECK|PRIORITY,2,True,CHECK,CHECK,20260916T154838264753Z-3c7692cc,2026-09-16T15:48:38.264753+00:00,58499908a6af50344a1362c55c840a58cfd80d4373c7098c4c97a9e0271a573b,2e705ec469750609c6d2617daa47a33651f237ca1659d3fc9556011d5ee4f0e7,DRAFT,"AM1,AM2,AM3",3
기계,2022Q4,0.0,0.10601719197707736,0.8939828080229226,0.0,,CHECK|PRIORITY,2,True,PRIORITY,PRIORITY,20260916T154838264753Z-3c7692cc,2026-09-16T15:48:38.264753+00:00,58499908a6af50344a1362c55c840a58cfd80d4373c7098c4c97a9e0271a573b,2e705ec469750609c6d2617daa47a33651f237ca1659d3fc9556011d5ee4f0e7,DRAFT,"AM1,AM2,AM3",3
기계,2023Q1,0.0,0.0,1.0,0.0,PRIORITY,PRIORITY,1,True,PRIORITY,PRIORITY,20260916T154838264753Z-3c7692cc,2026-09-16T15:48:38.264753+00:00,58499908a6af50344a1362c55c840a58cfd80d4373c7098c4c97a9e0271a573b,2e705ec469750609c6d2617daa47a33651f237ca1659d3fc9556011d5ee4f0e7,DRAFT,"AM1,AM2,AM3",3
기계,2023Q2,0.0,0.0,1.0,0.0,PRIORITY,PRIORITY,1,True,PRIORITY,PRIORITY,20260916T154838264753Z-3c7692cc,2026-09-16T15:48:38.264753+00:00,58499908a6af50344a1362c55c840a58cfd80d4373c7098c4c97a9e0271a573b,2e705ec469750609c6d2617daa47a33651f237ca1659d3fc9556011d5ee4f0e7,DRAFT,"AM1,AM2,AM3",3
기계,2023Q3,0.0,0.0,1.0,0.0,PRIORITY,PRIORITY,1,True,PRIORITY,PRIORITY,20260916T154838264753Z-3c7692cc,2026-09-16T15:48:38.264753+00:00,58499908a6af50344a1362c55c840a58cfd80d4373c7098c4c97a9e0271a573b,2e705ec469750609c6d2617daa47a33651f237ca1659d3fc9556011d5ee4f0e7,DRAFT,"AM1,AM2,AM3",3
기계,2023Q4,0.0,0.0,0.0,1.0,UNDETERMINED,UNDETERMINED,1,False,UNDETERMINED,UNDETERMINED,20260916T154838264753Z-3c7692cc,2026-09-16T15:48:38.264753+00:00,58499908a6af50344a1362c55c840a58cfd80d4373c7098c4c97a9e0271a573b,2e705ec469750609c6d2617daa47a33651f237ca1659d3fc9556011d5ee4f0e7,DRAFT,"AM1,AM2,AM3",3
기계,2024Q1,0.6693409742120344,0.33065902578796563,0.0,0.0,,OBSERVE|CHECK,2,True,CHECK,CHECK,20260916T154838264753Z-3c7692cc,2026-09-16T15:48:38.264753+00:00,58499908a6af50344a1362c55c840a58cfd80d4373c7098c4c97a9e0271a573b,2e705ec469750609c6d2617daa47a33651f237ca1659d3fc9556011d5ee4f0e7,DRAFT,"AM1,AM2,AM3",3
기계,2024Q2,1.0,0.0,0.0,0.0,OBSERVE,OBSERVE,1,False,OBSERVE,OBSERVE,20260916T154838264753Z-3c7692cc,2026-09-16T15:48:38.264753+00:00,58499908a6af50344a1362c55c840a58cfd80d4373c7098c4c97a9e0271a573b,2e705ec469750609c6d2617daa47a33651f237ca1659d3fc9556011d5ee4f0e7,DRAFT,"AM1,AM2,AM3",3
기계,2024Q3,1.0,0.0,0.0,0.0,OBSERVE,OBSERVE,1,False,OBSERVE,OBSERVE,20260916T154838264753Z-3c7692cc,2026-09-16T15:48:38.264753+00:00,58499908a6af50344a1362c55c840a58cfd80d4373c7098c4c97a9e0271a573b,2e705ec469750609c6d2617daa47a33651f237ca1659d3fc9556011d5ee4f0e7,DRAFT,"AM1,AM2,AM3",3
기계,2024Q4,0.0,0.0,0.0,1.0,UNDETERMINED,UNDETERMINED,1,False,UNDETERMINED,UNDETERMINED,20260916T154838264753Z-3c7692cc,2026-09-16T15:48:38.264753+00:00,58499908a6af50344a1362c55c840a58cfd80d4373c7098c4c97a9e0271a573b,2e705ec469750609c6d2617daa47a33651f237ca1659d3fc9556011d5ee4f0e7,DRAFT,"AM1,AM2,AM3",3
기계,2025Q1,1.0,0.0,0.0,0.0,OBSERVE,OBSERVE,1,False,OBSERVE,OBSERVE,20260916T154838264753Z-3c7692cc,2026-09-16T15:48:38.264753+00:00,58499908a6af50344a1362c55c840a58cfd80d4373c7098c4c97a9e0271a573b,2e705ec469750609c6d2617daa47a33651f237ca1659d3fc9556011d5ee4f0e7,DRAFT,"AM1,AM2,AM3",3
기계,2025Q2,1.0,0.0,0.0,0.0,OBSERVE,OBSERVE,1,False,OBSERVE,OBSERVE,20260916T154838264753Z-3c7692cc,2026-09-16T15:48:38.264753+00:00,58499908a6af50344a1362c55c840a58cfd80d4373c7098c4c97a9e0271a573b,2e705ec469750609c6d2617daa47a33651f237ca1659d3fc9556011d5ee4f0e7,DRAFT,"AM1,AM2,AM3",3
기계,2025Q3,1.0,0.0,0.0,0.0,OBSERVE,OBSERVE,1,False,OBSERVE,OBSERVE,20260916T154838264753Z-3c7692cc,2026-09-16T15:48:38.264753+00:00,58499908a6af50344a1362c55c840a58cfd80d4373c7098c4c97a9e0271a573b,2e705ec469750609c6d2617daa47a33651f237ca1659d3fc9556011d5ee4f0e7,DRAFT,"AM1,AM2,AM3",3
기계,2025Q4,1.0,0.0,0.0,0.0,OBSERVE,OBSERVE,1,False,OBSERVE,OBSERVE,20260916T154838264753Z-3c7692cc,2026-09-16T15:48:38.264753+00:00,58499908a6af50344a1362c55c840a58cfd80d4373c7098c4c97a9e0271a573b,2e705ec469750609c6d2617daa47a33651f237ca1659d3fc9556011d5ee4f0e7,DRAFT,"AM1,AM2,AM3",3
기계,2026Q1,0.032664756446991405,0.8143266475644699,0.1530085959885387,0.0,,OBSERVE|CHECK|PRIORITY,3,True,CHECK,PRIORITY,20260916T154838264753Z-3c7692cc,2026-09-16T15:48:38.264753+00:00,58499908a6af50344a1362c55c840a58cfd80d4373c7098c4c97a9e0271a573b,2e705ec469750609c6d2617daa47a33651f237ca1659d3fc9556011d5ee4f0e7,DRAFT,"AM1,AM2,AM3",3
기계,2026Q2,0.0,0.032091690544412604,0.9679083094555874,0.0,,CHECK|PRIORITY,2,True,PRIORITY,PRIORITY,20260916T154838264753Z-3c7692cc,2026-09-16T15:48:38.264753+00:00,58499908a6af50344a1362c55c840a58cfd80d4373c7098c4c97a9e0271a573b,2e705ec469750609c6d2617daa47a33651f237ca1659d3fc9556011d5ee4f0e7,DRAFT,"AM1,AM2,AM3",3
기타,2022Q1,0.78567335243553,0.21432664756446992,0.0,0.0,,OBSERVE|CHECK,2,True,OBSERVE,CHECK,20260916T154838264753Z-3c7692cc,2026-09-16T15:48:38.264753+00:00,58499908a6af50344a1362c55c840a58cfd80d4373c7098c4c97a9e0271a573b,2e705ec469750609c6d2617daa47a33651f237ca1659d3fc9556011d5ee4f0e7,DRAFT,"AM1,AM2,AM3",3
기타,2022Q2,0.46532951289398283,0.5346704871060172,0.0,0.0,,OBSERVE|CHECK,2,True,CHECK,CHECK,20260916T154838264753Z-3c7692cc,2026-09-16T15:48:38.264753+00:00,58499908a6af50344a1362c55c840a58cfd80d4373c7098c4c97a9e0271a573b,2e705ec469750609c6d2617daa47a33651f237ca1659d3fc9556011d5ee4f0e7,DRAFT,"AM1,AM2,AM3",3
기타,2022Q3,0.09742120343839542,0.8928366762177651,0.009742120343839542,0.0,,OBSERVE|CHECK|PRIORITY,3,True,CHECK,CHECK,20260916T154838264753Z-3c7692cc,2026-09-16T15:48:38.264753+00:00,58499908a6af50344a1362c55c840a58cfd80d4373c7098c4c97a9e0271a573b,2e705ec469750609c6d2617daa47a33651f237ca1659d3fc9556011d5ee4f0e7,DRAFT,"AM1,AM2,AM3",3
기타,2022Q4,0.06475644699140401,0.03495702005730659,0.9002865329512894,0.0,,OBSERVE|CHECK|PRIORITY,3,True,PRIORITY,PRIORITY,20260916T154838264753Z-3c7692cc,2026-09-16T15:48:38.264753+00:00,58499908a6af50344a1362c55c840a58cfd80d4373c7098c4c97a9e0271a573b,2e705ec469750609c6d2617daa47a33651f237ca1659d3fc9556011d5ee4f0e7,DRAFT,"AM1,AM2,AM3",3
기타,2023Q1,0.05501432664756447,0.04469914040114613,0.9002865329512894,0.0,,OBSERVE|CHECK|PRIORITY,3,True,PRIORITY,PRIORITY,20260916T154838264753Z-3c7692cc,2026-09-16T15:48:38.264753+00:00,58499908a6af50344a1362c55c840a58cfd80d4373c7098c4c97a9e0271a573b,2e705ec469750609c6d2617daa47a33651f237ca1659d3fc9556011d5ee4f0e7,DRAFT,"AM1,AM2,AM3",3
기타,2023Q2,0.0670487106017192,0.032664756446991405,0.9002865329512894,0.0,,OBSERVE|CHECK|PRIORITY,3,True,PRIORITY,PRIORITY,20260916T154838264753Z-3c7692cc,2026-09-16T15:48:38.264753+00:00,58499908a6af50344a1362c55c840a58cfd80d4373c7098c4c97a9e0271a573b,2e705ec469750609c6d2617daa47a33651f237ca1659d3fc9556011d5ee4f0e7,DRAFT,"AM1,AM2,AM3",3
기타,2023Q3,0.0830945558739255,0.0166189111747851,0.9002865329512894,0.0,,OBSERVE|CHECK|PRIORITY,3,True,PRIORITY,PRIORITY,20260916T154838264753Z-3c7692cc,2026-09-16T15:48:38.264753+00:00,58499908a6af50344a1362c55c840a58cfd80d4373c7098c4c97a9e0271a573b,2e705ec469750609c6d2617daa47a33651f237ca1659d3fc9556011d5ee4f0e7,DRAFT,"AM1,AM2,AM3",3
기타,2023Q4,0.0,0.0,0.0,1.0,UNDETERMINED,UNDETERMINED,1,False,UNDETERMINED,UNDETERMINED,20260916T154838264753Z-3c7692cc,2026-09-16T15:48:38.264753+00:00,58499908a6af50344a1362c55c840a58cfd80d4373c7098c4c97a9e0271a573b,2e705ec469750609c6d2617daa47a33651f237ca1659d3fc9556011d5ee4f0e7,DRAFT,"AM1,AM2,AM3",3
기타,2024Q1,1.0,0.0,0.0,0.0,OBSERVE,OBSERVE,1,False,OBSERVE,OBSERVE,20260916T154838264753Z-3c7692cc,2026-09-16T15:48:38.264753+00:00,58499908a6af50344a1362c55c840a58cfd80d4373c7098c4c97a9e0271a573b,2e705ec469750609c6d2617daa47a33651f237ca1659d3fc9556011d5ee4f0e7,DRAFT,"AM1,AM2,AM3",3
기타,2024Q2,1.0,0.0,0.0,0.0,OBSERVE,OBSERVE,1,False,OBSERVE,OBSERVE,20260916T154838264753Z-3c7692cc,2026-09-16T15:48:38.264753+00:00,58499908a6af50344a1362c55c840a58cfd80d4373c7098c4c97a9e0271a573b,2e705ec469750609c6d2617daa47a33651f237ca1659d3fc9556011d5ee4f0e7,DRAFT,"AM1,AM2,AM3",3
기타,2024Q3,1.0,0.0,0.0,0.0,OBSERVE,OBSERVE,1,False,OBSERVE,OBSERVE,20260916T154838264753Z-3c7692cc,2026-09-16T15:48:38.264753+00:00,58499908a6af50344a1362c55c840a58cfd80d4373c7098c4c97a9e0271a573b,2e705ec469750609c6d2617daa47a33651f237ca1659d3fc9556011d5ee4f0e7,DRAFT,"AM1,AM2,AM3",3
기타,2024Q4,0.0,0.0,0.0,1.0,UNDETERMINED,UNDETERMINED,1,False,UNDETERMINED,UNDETERMINED,20260916T154838264753Z-3c7692cc,2026-09-16T15:48:38.264753+00:00,58499908a6af50344a1362c55c840a58cfd80d4373c7098c4c97a9e0271a573b,2e705ec469750609c6d2617daa47a33651f237ca1659d3fc9556011d5ee4f0e7,DRAFT,"AM1,AM2,AM3",3
기타,2025Q1,0.9696275071633238,0.03037249283667622,0.0,0.0,,OBSERVE|CHECK,2,True,OBSERVE,OBSERVE,20260916T154838264753Z-3c7692cc,2026-09-16T15:48:38.264753+00:00,58499908a6af50344a1362c55c840a58cfd80d4373c7098c4c97a9e0271a573b,2e705ec469750609c6d2617daa47a33651f237ca1659d3fc9556011d5ee4f0e7,DRAFT,"AM1,AM2,AM3",3
기타,2025Q2,0.6905444126074498,0.30945558739255014,0.0,0.0,,OBSERVE|CHECK,2,True,CHECK,CHECK,20260916T154838264753Z-3c7692cc,2026-09-16T15:48:38.264753+00:00,58499908a6af50344a1362c55c840a58cfd80d4373c7098c4c97a9e0271a573b,2e705ec469750609c6d2617daa47a33651f237ca1659d3fc9556011d5ee4f0e7,DRAFT,"AM1,AM2,AM3",3
기타,2025Q3,0.6876790830945558,0.28939828080229224,0.022922636103151862,0.0,,OBSERVE|CHECK|PRIORITY,3,True,CHECK,CHECK,20260916T154838264753Z-3c7692cc,2026-09-16T15:48:38.264753+00:00,58499908a6af50344a1362c55c840a58cfd80d4373c7098c4c97a9e0271a573b,2e705ec469750609c6d2617daa47a33651f237ca1659d3fc9556011d5ee4f0e7,DRAFT,"AM1,AM2,AM3",3
기타,2025Q4,0.4997134670487106,0.24412607449856732,0.25616045845272206,0.0,,OBSERVE|CHECK|PRIORITY,3,True,PRIORITY,PRIORITY,20260916T154838264753Z-3c7692cc,2026-09-16T15:48:38.264753+00:00,58499908a6af50344a1362c55c840a58cfd80d4373c7098c4c97a9e0271a573b,2e705ec469750609c6d2617daa47a33651f237ca1659d3fc9556011d5ee4f0e7,DRAFT,"AM1,AM2,AM3",3
기타,2026Q1,1.0,0.0,0.0,0.0,OBSERVE,OBSERVE,1,False,OBSERVE,OBSERVE,20260916T154838264753Z-3c7692cc,2026-09-16T15:48:38.264753+00:00,58499908a6af50344a1362c55c840a58cfd80d4373c7098c4c97a9e0271a573b,2e705ec469750609c6d2617daa47a33651f237ca1659d3fc9556011d5ee4f0e7,DRAFT,"AM1,AM2,AM3",3
기타,2026Q2,1.0,0.0,0.0,0.0,OBSERVE,OBSERVE,1,False,OBSERVE,OBSERVE,20260916T154838264753Z-3c7692cc,2026-09-16T15:48:38.264753+00:00,58499908a6af50344a1362c55c840a58cfd80d4373c7098c4c97a9e0271a573b,2e705ec469750609c6d2617daa47a33651f237ca1659d3fc9556011d5ee4f0e7,DRAFT,"AM1,AM2,AM3",3
목재종이,2022Q1,1.0,0.0,0.0,0.0,OBSERVE,OBSERVE,1,False,OBSERVE,OBSERVE,20260916T154838264753Z-3c7692cc,2026-09-16T15:48:38.264753+00:00,58499908a6af50344a1362c55c840a58cfd80d4373c7098c4c97a9e0271a573b,2e705ec469750609c6d2617daa47a33651f237ca1659d3fc9556011d5ee4f0e7,DRAFT,"AM1,AM2,AM3",3
목재종이,2022Q2,1.0,0.0,0.0,0.0,OBSERVE,OBSERVE,1,False,OBSERVE,OBSERVE,20260916T154838264753Z-3c7692cc,2026-09-16T15:48:38.264753+00:00,58499908a6af50344a1362c55c840a58cfd80d4373c7098c4c97a9e0271a573b,2e705ec469750609c6d2617daa47a33651f237ca1659d3fc9556011d5ee4f0e7,DRAFT,"AM1,AM2,AM3",3
목재종이,2022Q3,1.0,0.0,0.0,0.0,OBSERVE,OBSERVE,1,False,OBSERVE,OBSERVE,20260916T154838264753Z-3c7692cc,2026-09-16T15:48:38.264753+00:00,58499908a6af50344a1362c55c840a58cfd80d4373c7098c4c97a9e0271a573b,2e705ec469750609c6d2617daa47a33651f237ca1659d3fc9556011d5ee4f0e7,DRAFT,"AM1,AM2,AM3",3
목재종이,2022Q4,0.791404011461318,0.20859598853868194,0.0,0.0,,OBSERVE|CHECK,2,True,OBSERVE,CHECK,20260916T154838264753Z-3c7692cc,2026-09-16T15:48:38.264753+00:00,58499908a6af50344a1362c55c840a58cfd80d4373c7098c4c97a9e0271a573b,2e705ec469750609c6d2617daa47a33651f237ca1659d3fc9556011d5ee4f0e7,DRAFT,"AM1,AM2,AM3",3
목재종이,2023Q1,0.09570200573065903,0.904297994269341,0.0,0.0,,OBSERVE|CHECK,2,True,CHECK,CHECK,20260916T154838264753Z-3c7692cc,2026-09-16T15:48:38.264753+00:00,58499908a6af50344a1362c55c840a58cfd80d4373c7098c4c97a9e0271a573b,2e705ec469750609c6d2617daa47a33651f237ca1659d3fc9556011d5ee4f0e7,DRAFT,"AM1,AM2,AM3",3
목재종이,2023Q2,0.09570200573065903,0.8945558739255014,0.009742120343839542,0.0,,OBSERVE|CHECK|PRIORITY,3,True,CHECK,CHECK,20260916T154838264753Z-3c7692cc,2026-09-16T15:48:38.264753+00:00,58499908a6af50344a1362c55c840a58cfd80d4373c7098c4c97a9e0271a573b,2e705ec469750609c6d2617daa47a33651f237ca1659d3fc9556011d5ee4f0e7,DRAFT,"AM1,AM2,AM3",3
목재종이,2023Q3,0.09283667621776505,0.006876790830945559,0.9002865329512894,0.0,,OBSERVE|CHECK|PRIORITY,3,True,PRIORITY,PRIORITY,20260916T154838264753Z-3c7692cc,2026-09-16T15:48:38.264753+00:00,58499908a6af50344a1362c55c840a58cfd80d4373c7098c4c97a9e0271a573b,2e705ec469750609c6d2617daa47a33651f237ca1659d3fc9556011d5ee4f0e7,DRAFT,"AM1,AM2,AM3",3
목재종이,2023Q4,0.0,0.0,0.0,1.0,UNDETERMINED,UNDETERMINED,1,False,UNDETERMINED,UNDETERMINED,20260916T154838264753Z-3c7692cc,2026-09-16T15:48:38.264753+00:00,58499908a6af50344a1362c55c840a58cfd80d4373c7098c4c97a9e0271a573b,2e705ec469750609c6d2617daa47a33651f237ca1659d3fc9556011d5ee4f0e7,DRAFT,"AM1,AM2,AM3",3
목재종이,2024Q1,0.7243553008595989,0.019484240687679084,0.25616045845272206,0.0,,OBSERVE|CHECK|PRIORITY,3,True,PRIORITY,PRIORITY,20260916T154838264753Z-3c7692cc,2026-09-16T15:48:38.264753+00:00,58499908a6af50344a1362c55c840a58cfd80d4373c7098c4c97a9e0271a573b,2e705ec469750609c6d2617daa47a33651f237ca1659d3fc9556011d5ee4f0e7,DRAFT,"AM1,AM2,AM3",3
목재종이,2024Q2,0.7157593123209169,0.028080229226361032,0.25616045845272206,0.0,,OBSERVE|CHECK|PRIORITY,3,True,PRIORITY,PRIORITY,20260916T154838264753Z-3c7692cc,2026-09-16T15:48:38.264753+00:00,58499908a6af50344a1362c55c840a58cfd80d4373c7098c4c97a9e0271a573b,2e705ec469750609c6d2617daa47a33651f237ca1659d3fc9556011d5ee4f0e7,DRAFT,"AM1,AM2,AM3",3
목재종이,2024Q3,0.6103151862464183,0.1335243553008596,0.25616045845272206,0.0,,OBSERVE|CHECK|PRIORITY,3,True,PRIORITY,PRIORITY,20260916T154838264753Z-3c7692cc,2026-09-16T15:48:38.264753+00:00,58499908a6af50344a1362c55c840a58cfd80d4373c7098c4c97a9e0271a573b,2e705ec469750609c6d2617daa47a33651f237ca1659d3fc9556011d5ee4f0e7,DRAFT,"AM1,AM2,AM3",3
목재종이,2024Q4,0.0,0.0,0.0,1.0,UNDETERMINED,UNDETERMINED,1,False,UNDETERMINED,UNDETERMINED,20260916T154838264753Z-3c7692cc,2026-09-16T15:48:38.264753+00:00,58499908a6af50344a1362c55c840a58cfd80d4373c7098c4c97a9e0271a573b,2e705ec469750609c6d2617daa47a33651f237ca1659d3fc9556011d5ee4f0e7,DRAFT,"AM1,AM2,AM3",3
목재종이,2025Q1,1.0,0.0,0.0,0.0,OBSERVE,OBSERVE,1,False,OBSERVE,OBSERVE,20260916T154838264753Z-3c7692cc,2026-09-16T15:48:38.264753+00:00,58499908a6af50344a1362c55c840a58cfd80d4373c7098c4c97a9e0271a573b,2e705ec469750609c6d2617daa47a33651f237ca1659d3fc9556011d5ee4f0e7,DRAFT,"AM1,AM2,AM3",3
목재종이,2025Q2,1.0,0.0,0.0,0.0,OBSERVE,OBSERVE,1,False,OBSERVE,OBSERVE,20260916T154838264753Z-3c7692cc,2026-09-16T15:48:38.264753+00:00,58499908a6af50344a1362c55c840a58cfd80d4373c7098c4c97a9e0271a573b,2e705ec469750609c6d2617daa47a33651f237ca1659d3fc9556011d5ee4f0e7,DRAFT,"AM1,AM2,AM3",3
목재종이,2025Q3,1.0,0.0,0.0,0.0,OBSERVE,OBSERVE,1,False,OBSERVE,OBSERVE,20260916T154838264753Z-3c7692cc,2026-09-16T15:48:38.264753+00:00,58499908a6af50344a1362c55c840a58cfd80d4373c7098c4c97a9e0271a573b,2e705ec469750609c6d2617daa47a33651f237ca1659d3fc9556011d5ee4f0e7,DRAFT,"AM1,AM2,AM3",3
목재종이,2025Q4,1.0,0.0,0.0,0.0,OBSERVE,OBSERVE,1,False,OBSERVE,OBSERVE,20260916T154838264753Z-3c7692cc,2026-09-16T15:48:38.264753+00:00,58499908a6af50344a1362c55c840a58cfd80d4373c7098c4c97a9e0271a573b,2e705ec469750609c6d2617daa47a33651f237ca1659d3fc9556011d5ee4f0e7,DRAFT,"AM1,AM2,AM3",3
목재종이,2026Q1,0.3186246418338109,0.47507163323782237,0.20630372492836677,0.0,,OBSERVE|CHECK|PRIORITY,3,True,PRIORITY,PRIORITY,20260916T154838264753Z-3c7692cc,2026-09-16T15:48:38.264753+00:00,58499908a6af50344a1362c55c840a58cfd80d4373c7098c4c97a9e0271a573b,2e705ec469750609c6d2617daa47a33651f237ca1659d3fc9556011d5ee4f0e7,DRAFT,"AM1,AM2,AM3",3
목재종이,2026Q2,0.05501432664756447,0.7386819484240688,0.20630372492836677,0.0,,OBSERVE|CHECK|PRIORITY,3,True,PRIORITY,PRIORITY,20260916T154838264753Z-3c7692cc,2026-09-16T15:48:38.264753+00:00,58499908a6af50344a1362c55c840a58cfd80d4373c7098c4c97a9e0271a573b,2e705ec469750609c6d2617daa47a33651f237ca1659d3fc9556011d5ee4f0e7,DRAFT,"AM1,AM2,AM3",3
비금속,2022Q1,0.9759312320916905,0.024068767908309457,0.0,0.0,,OBSERVE|CHECK,2,True,OBSERVE,OBSERVE,20260916T154838264753Z-3c7692cc,2026-09-16T15:48:38.264753+00:00,58499908a6af50344a1362c55c840a58cfd80d4373c7098c4c97a9e0271a573b,2e705ec469750609c6d2617daa47a33651f237ca1659d3fc9556011d5ee4f0e7,DRAFT,"AM1,AM2,AM3",3
비금속,2022Q2,0.7421203438395415,0.25787965616045844,0.0,0.0,,OBSERVE|CHECK,2,True,CHECK,CHECK,20260916T154838264753Z-3c7692cc,2026-09-16T15:48:38.264753+00:00,58499908a6af50344a1362c55c840a58cfd80d4373c7098c4c97a9e0271a573b,2e705ec469750609c6d2617daa47a33651f237ca1659d3fc9556011d5ee4f0e7,DRAFT,"AM1,AM2,AM3",3
비금속,2022Q3,0.7404011461318052,0.25959885386819487,0.0,0.0,,OBSERVE|CHECK,2,True,CHECK,CHECK,20260916T154838264753Z-3c7692cc,2026-09-16T15:48:38.264753+00:00,58499908a6af50344a1362c55c840a58cfd80d4373c7098c4c97a9e0271a573b,2e705ec469750609c6d2617daa47a33651f237ca1659d3fc9556011d5ee4f0e7,DRAFT,"AM1,AM2,AM3",3
비금속,2022Q4,0.740974212034384,0.25902578796561604,0.0,0.0,,OBSERVE|CHECK,2,True,CHECK,CHECK,20260916T154838264753Z-3c7692cc,2026-09-16T15:48:38.264753+00:00,58499908a6af50344a1362c55c840a58cfd80d4373c7098c4c97a9e0271a573b,2e705ec469750609c6d2617daa47a33651f237ca1659d3fc9556011d5ee4f0e7,DRAFT,"AM1,AM2,AM3",3
비금속,2023Q1,0.7426934097421204,0.25730659025787966,0.0,0.0,,OBSERVE|CHECK,2,True,CHECK,CHECK,20260916T154838264753Z-3c7692cc,2026-09-16T15:48:38.264753+00:00,58499908a6af50344a1362c55c840a58cfd80d4373c7098c4c97a9e0271a573b,2e705ec469750609c6d2617daa47a33651f237ca1659d3fc9556011d5ee4f0e7,DRAFT,"AM1,AM2,AM3",3
비금속,2023Q2,0.7421203438395415,0.25787965616045844,0.0,0.0,,OBSERVE|CHECK,2,True,CHECK,CHECK,20260916T154838264753Z-3c7692cc,2026-09-16T15:48:38.264753+00:00,58499908a6af50344a1362c55c840a58cfd80d4373c7098c4c97a9e0271a573b,2e705ec469750609c6d2617daa47a33651f237ca1659d3fc9556011d5ee4f0e7,DRAFT,"AM1,AM2,AM3",3
비금속,2023Q3,0.09742120343839542,0.9025787965616046,0.0,0.0,,OBSERVE|CHECK,2,True,CHECK,CHECK,20260916T154838264753Z-3c7692cc,2026-09-16T15:48:38.264753+00:00,58499908a6af50344a1362c55c840a58cfd80d4373c7098c4c97a9e0271a573b,2e705ec469750609c6d2617daa47a33651f237ca1659d3fc9556011d5ee4f0e7,DRAFT,"AM1,AM2,AM3",3
비금속,2023Q4,0.0,0.0,0.0,1.0,UNDETERMINED,UNDETERMINED,1,False,UNDETERMINED,UNDETERMINED,20260916T154838264753Z-3c7692cc,2026-09-16T15:48:38.264753+00:00,58499908a6af50344a1362c55c840a58cfd80d4373c7098c4c97a9e0271a573b,2e705ec469750609c6d2617daa47a33651f237ca1659d3fc9556011d5ee4f0e7,DRAFT,"AM1,AM2,AM3",3
비금속,2024Q1,0.14269340974212033,0.8573065902578797,0.0,0.0,,OBSERVE|CHECK,2,True,CHECK,CHECK,20260916T154838264753Z-3c7692cc,2026-09-16T15:48:38.264753+00:00,58499908a6af50344a1362c55c840a58cfd80d4373c7098c4c97a9e0271a573b,2e705ec469750609c6d2617daa47a33651f237ca1659d3fc9556011d5ee4f0e7,DRAFT,"AM1,AM2,AM3",3
비금속,2024Q2,0.7255014326647564,0.01833810888252149,0.25616045845272206,0.0,,OBSERVE|CHECK|PRIORITY,3,True,PRIORITY,PRIORITY,20260916T154838264753Z-3c7692cc,2026-09-16T15:48:38.264753+00:00,58499908a6af50344a1362c55c840a58cfd80d4373c7098c4c97a9e0271a573b,2e705ec469750609c6d2617daa47a33651f237ca1659d3fc9556011d5ee4f0e7,DRAFT,"AM1,AM2,AM3",3
비금속,2024Q3,0.09283667621776505,0.1346704871060172,0.7724928366762178,0.0,,OBSERVE|CHECK|PRIORITY,3,True,PRIORITY,PRIORITY,20260916T154838264753Z-3c7692cc,2026-09-16T15:48:38.264753+00:00,58499908a6af50344a1362c55c840a58cfd80d4373c7098c4c97a9e0271a573b,2e705ec469750609c6d2617daa47a33651f237ca1659d3fc9556011d5ee4f0e7,DRAFT,"AM1,AM2,AM3",3
비금속,2024Q4,0.0,0.0,0.0,1.0,UNDETERMINED,UNDETERMINED,1,False,UNDETERMINED,UNDETERMINED,20260916T154838264753Z-3c7692cc,2026-09-16T15:48:38.264753+00:00,58499908a6af50344a1362c55c840a58cfd80d4373c7098c4c97a9e0271a573b,2e705ec469750609c6d2617daa47a33651f237ca1659d3fc9556011d5ee4f0e7,DRAFT,"AM1,AM2,AM3",3
비금속,2025Q1,0.034383954154727794,0.06532951289398281,0.9002865329512894,0.0,,OBSERVE|CHECK|PRIORITY,3,True,PRIORITY,PRIORITY,20260916T154838264753Z-3c7692cc,2026-09-16T15:48:38.264753+00:00,58499908a6af50344a1362c55c840a58cfd80d4373c7098c4c97a9e0271a573b,2e705ec469750609c6d2617daa47a33651f237ca1659d3fc9556011d5ee4f0e7,DRAFT,"AM1,AM2,AM3",3
비금속,2025Q2,0.05501432664756447,0.04469914040114613,0.9002865329512894,0.0,,OBSERVE|CHECK|PRIORITY,3,True,PRIORITY,PRIORITY,20260916T154838264753Z-3c7692cc,2026-09-16T15:48:38.264753+00:00,58499908a6af50344a1362c55c840a58cfd80d4373c7098c4c97a9e0271a573b,2e705ec469750609c6d2617daa47a33651f237ca1659d3fc9556011d5ee4f0e7,DRAFT,"AM1,AM2,AM3",3
비금속,2025Q3,0.04871060171919771,0.05100286532951289,0.9002865329512894,0.0,,OBSERVE|CHECK|PRIORITY,3,True,PRIORITY,PRIORITY,20260916T154838264753Z-3c7692cc,2026-09-16T15:48:38.264753+00:00,58499908a6af50344a1362c55c840a58cfd80d4373c7098c4c97a9e0271a573b,2e705ec469750609c6d2617daa47a33651f237ca1659d3fc9556011d5ee4f0e7,DRAFT,"AM1,AM2,AM3",3
비금속,2025Q4,0.3449856733524355,0.3988538681948424,0.25616045845272206,0.0,,OBSERVE|CHECK|PRIORITY,3,True,PRIORITY,PRIORITY,20260916T154838264753Z-3c7692cc,2026-09-16T15:48:38.264753+00:00,58499908a6af50344a1362c55c840a58cfd80d4373c7098c4c97a9e0271a573b,2e705ec469750609c6d2617daa47a33651f237ca1659d3fc9556011d5ee4f0e7,DRAFT,"AM1,AM2,AM3",3
비금속,2026Q1,0.7438395415472779,0.25616045845272206,0.0,0.0,,OBSERVE|CHECK,2,True,CHECK,CHECK,20260916T154838264753Z-3c7692cc,2026-09-16T15:48:38.264753+00:00,58499908a6af50344a1362c55c840a58cfd80d4373c7098c4c97a9e0271a573b,2e705ec469750609c6d2617daa47a33651f237ca1659d3fc9556011d5ee4f0e7,DRAFT,"AM1,AM2,AM3",3
비금속,2026Q2,0.9868194842406877,0.013180515759312322,0.0,0.0,,OBSERVE|CHECK,2,True,OBSERVE,OBSERVE,20260916T154838264753Z-3c7692cc,2026-09-16T15:48:38.264753+00:00,58499908a6af50344a1362c55c840a58cfd80d4373c7098c4c97a9e0271a573b,2e705ec469750609c6d2617daa47a33651f237ca1659d3fc9556011d5ee4f0e7,DRAFT,"AM1,AM2,AM3",3
석유화학,2022Q1,1.0,0.0,0.0,0.0,OBSERVE,OBSERVE,1,False,OBSERVE,OBSERVE,20260916T154838264753Z-3c7692cc,2026-09-16T15:48:38.264753+00:00,58499908a6af50344a1362c55c840a58cfd80d4373c7098c4c97a9e0271a573b,2e705ec469750609c6d2617daa47a33651f237ca1659d3fc9556011d5ee4f0e7,DRAFT,"AM1,AM2,AM3",3
석유화학,2022Q2,1.0,0.0,0.0,0.0,OBSERVE,OBSERVE,1,False,OBSERVE,OBSERVE,20260916T154838264753Z-3c7692cc,2026-09-16T15:48:38.264753+00:00,58499908a6af50344a1362c55c840a58cfd80d4373c7098c4c97a9e0271a573b,2e705ec469750609c6d2617daa47a33651f237ca1659d3fc9556011d5ee4f0e7,DRAFT,"AM1,AM2,AM3",3
석유화학,2022Q3,1.0,0.0,0.0,0.0,OBSERVE,OBSERVE,1,False,OBSERVE,OBSERVE,20260916T154838264753Z-3c7692cc,2026-09-16T15:48:38.264753+00:00,58499908a6af50344a1362c55c840a58cfd80d4373c7098c4c97a9e0271a573b,2e705ec469750609c6d2617daa47a33651f237ca1659d3fc9556011d5ee4f0e7,DRAFT,"AM1,AM2,AM3",3
석유화학,2022Q4,1.0,0.0,0.0,0.0,OBSERVE,OBSERVE,1,False,OBSERVE,OBSERVE,20260916T154838264753Z-3c7692cc,2026-09-16T15:48:38.264753+00:00,58499908a6af50344a1362c55c840a58cfd80d4373c7098c4c97a9e0271a573b,2e705ec469750609c6d2617daa47a33651f237ca1659d3fc9556011d5ee4f0e7,DRAFT,"AM1,AM2,AM3",3
석유화학,2023Q1,1.0,0.0,0.0,0.0,OBSERVE,OBSERVE,1,False,OBSERVE,OBSERVE,20260916T154838264753Z-3c7692cc,2026-09-16T15:48:38.264753+00:00,58499908a6af50344a1362c55c840a58cfd80d4373c7098c4c97a9e0271a573b,2e705ec469750609c6d2617daa47a33651f237ca1659d3fc9556011d5ee4f0e7,DRAFT,"AM1,AM2,AM3",3
석유화학,2023Q2,1.0,0.0,0.0,0.0,OBSERVE,OBSERVE,1,False,OBSERVE,OBSERVE,20260916T154838264753Z-3c7692cc,2026-09-16T15:48:38.264753+00:00,58499908a6af50344a1362c55c840a58cfd80d4373c7098c4c97a9e0271a573b,2e705ec469750609c6d2617daa47a33651f237ca1659d3fc9556011d5ee4f0e7,DRAFT,"AM1,AM2,AM3",3
석유화학,2023Q3,1.0,0.0,0.0,0.0,OBSERVE,OBSERVE,1,False,OBSERVE,OBSERVE,20260916T154838264753Z-3c7692cc,2026-09-16T15:48:38.264753+00:00,58499908a6af50344a1362c55c840a58cfd80d4373c7098c4c97a9e0271a573b,2e705ec469750609c6d2617daa47a33651f237ca1659d3fc9556011d5ee4f0e7,DRAFT,"AM1,AM2,AM3",3
석유화학,2023Q4,0.0,0.0,0.0,1.0,UNDETERMINED,UNDETERMINED,1,False,UNDETERMINED,UNDETERMINED,20260916T154838264753Z-3c7692cc,2026-09-16T15:48:38.264753+00:00,58499908a6af50344a1362c55c840a58cfd80d4373c7098c4c97a9e0271a573b,2e705ec469750609c6d2617daa47a33651f237ca1659d3fc9556011d5ee4f0e7,DRAFT,"AM1,AM2,AM3",3
석유화학,2024Q1,1.0,0.0,0.0,0.0,OBSERVE,OBSERVE,1,False,OBSERVE,OBSERVE,20260916T154838264753Z-3c7692cc,2026-09-16T15:48:38.264753+00:00,58499908a6af50344a1362c55c840a58cfd80d4373c7098c4c97a9e0271a573b,2e705ec469750609c6d2617daa47a33651f237ca1659d3fc9556011d5ee4f0e7,DRAFT,"AM1,AM2,AM3",3
석유화학,2024Q2,1.0,0.0,0.0,0.0,OBSERVE,OBSERVE,1,False,OBSERVE,OBSERVE,20260916T154838264753Z-3c7692cc,2026-09-16T15:48:38.264753+00:00,58499908a6af50344a1362c55c840a58cfd80d4373c7098c4c97a9e0271a573b,2e705ec469750609c6d2617daa47a33651f237ca1659d3fc9556011d5ee4f0e7,DRAFT,"AM1,AM2,AM3",3
석유화학,2024Q3,0.9810888252148997,0.018911174785100286,0.0,0.0,,OBSERVE|CHECK,2,True,OBSERVE,OBSERVE,20260916T154838264753Z-3c7692cc,2026-09-16T15:48:38.264753+00:00,58499908a6af50344a1362c55c840a58cfd80d4373c7098c4c97a9e0271a573b,2e705ec469750609c6d2617daa47a33651f237ca1659d3fc9556011d5ee4f0e7,DRAFT,"AM1,AM2,AM3",3
석유화학,2024Q4,0.0,0.0,0.0,1.0,UNDETERMINED,UNDETERMINED,1,False,UNDETERMINED,UNDETERMINED,20260916T154838264753Z-3c7692cc,2026-09-16T15:48:38.264753+00:00,58499908a6af50344a1362c55c840a58cfd80d4373c7098c4c97a9e0271a573b,2e705ec469750609c6d2617daa47a33651f237ca1659d3fc9556011d5ee4f0e7,DRAFT,"AM1,AM2,AM3",3
석유화학,2025Q1,0.7014326647564469,0.28882521489971347,0.009742120343839542,0.0,,OBSERVE|CHECK|PRIORITY,3,True,CHECK,CHECK,20260916T154838264753Z-3c7692cc,2026-09-16T15:48:38.264753+00:00,58499908a6af50344a1362c55c840a58cfd80d4373c7098c4c97a9e0271a573b,2e705ec469750609c6d2617daa47a33651f237ca1659d3fc9556011d5ee4f0e7,DRAFT,"AM1,AM2,AM3",3
석유화학,2025Q2,0.034383954154727794,0.06532951289398281,0.9002865329512894,0.0,,OBSERVE|CHECK|PRIORITY,3,True,PRIORITY,PRIORITY,20260916T154838264753Z-3c7692cc,2026-09-16T15:48:38.264753+00:00,58499908a6af50344a1362c55c840a58cfd80d4373c7098c4c97a9e0271a573b,2e705ec469750609c6d2617daa47a33651f237ca1659d3fc9556011d5ee4f0e7,DRAFT,"AM1,AM2,AM3",3
석유화학,2025Q3,1.0,0.0,0.0,0.0,OBSERVE,OBSERVE,1,False,OBSERVE,OBSERVE,20260916T154838264753Z-3c7692cc,2026-09-16T15:48:38.264753+00:00,58499908a6af50344a1362c55c840a58cfd80d4373c7098c4c97a9e0271a573b,2e705ec469750609c6d2617daa47a33651f237ca1659d3fc9556011d5ee4f0e7,DRAFT,"AM1,AM2,AM3",3
석유화학,2025Q4,1.0,0.0,0.0,0.0,OBSERVE,OBSERVE,1,False,OBSERVE,OBSERVE,20260916T154838264753Z-3c7692cc,2026-09-16T15:48:38.264753+00:00,58499908a6af50344a1362c55c840a58cfd80d4373c7098c4c97a9e0271a573b,2e705ec469750609c6d2617daa47a33651f237ca1659d3fc9556011d5ee4f0e7,DRAFT,"AM1,AM2,AM3",3
석유화학,2026Q1,0.9707736389684813,0.029226361031518624,0.0,0.0,,OBSERVE|CHECK,2,True,OBSERVE,OBSERVE,20260916T154838264753Z-3c7692cc,2026-09-16T15:48:38.264753+00:00,58499908a6af50344a1362c55c840a58cfd80d4373c7098c4c97a9e0271a573b,2e705ec469750609c6d2617daa47a33651f237ca1659d3fc9556011d5ee4f0e7,DRAFT,"AM1,AM2,AM3",3
석유화학,2026Q2,1.0,0.0,0.0,0.0,OBSERVE,OBSERVE,1,False,OBSERVE,OBSERVE,20260916T154838264753Z-3c7692cc,2026-09-16T15:48:38.264753+00:00,58499908a6af50344a1362c55c840a58cfd80d4373c7098c4c97a9e0271a573b,2e705ec469750609c6d2617daa47a33651f237ca1659d3fc9556011d5ee4f0e7,DRAFT,"AM1,AM2,AM3",3
섬유의복,2022Q1,0.9765042979942693,0.02349570200573066,0.0,0.0,,OBSERVE|CHECK,2,True,OBSERVE,OBSERVE,20260916T154838264753Z-3c7692cc,2026-09-16T15:48:38.264753+00:00,58499908a6af50344a1362c55c840a58cfd80d4373c7098c4c97a9e0271a573b,2e705ec469750609c6d2617daa47a33651f237ca1659d3fc9556011d5ee4f0e7,DRAFT,"AM1,AM2,AM3",3
섬유의복,2022Q2,0.7438395415472779,0.25616045845272206,0.0,0.0,,OBSERVE|CHECK,2,True,CHECK,CHECK,20260916T154838264753Z-3c7692cc,2026-09-16T15:48:38.264753+00:00,58499908a6af50344a1362c55c840a58cfd80d4373c7098c4c97a9e0271a573b,2e705ec469750609c6d2617daa47a33651f237ca1659d3fc9556011d5ee4f0e7,DRAFT,"AM1,AM2,AM3",3
섬유의복,2022Q3,0.7438395415472779,0.2332378223495702,0.022922636103151862,0.0,,OBSERVE|CHECK|PRIORITY,3,True,CHECK,CHECK,20260916T154838264753Z-3c7692cc,2026-09-16T15:48:38.264753+00:00,58499908a6af50344a1362c55c840a58cfd80d4373c7098c4c97a9e0271a573b,2e705ec469750609c6d2617daa47a33651f237ca1659d3fc9556011d5ee4f0e7,DRAFT,"AM1,AM2,AM3",3
섬유의복,2022Q4,1.0,0.0,0.0,0.0,OBSERVE,OBSERVE,1,False,OBSERVE,OBSERVE,20260916T154838264753Z-3c7692cc,2026-09-16T15:48:38.264753+00:00,58499908a6af50344a1362c55c840a58cfd80d4373c7098c4c97a9e0271a573b,2e705ec469750609c6d2617daa47a33651f237ca1659d3fc9556011d5ee4f0e7,DRAFT,"AM1,AM2,AM3",3
섬유의복,2023Q1,1.0,0.0,0.0,0.0,OBSERVE,OBSERVE,1,False,OBSERVE,OBSERVE,20260916T154838264753Z-3c7692cc,2026-09-16T15:48:38.264753+00:00,58499908a6af50344a1362c55c840a58cfd80d4373c7098c4c97a9e0271a573b,2e705ec469750609c6d2617daa47a33651f237ca1659d3fc9556011d5ee4f0e7,DRAFT,"AM1,AM2,AM3",3
섬유의복,2023Q2,1.0,0.0,0.0,0.0,OBSERVE,OBSERVE,1,False,OBSERVE,OBSERVE,20260916T154838264753Z-3c7692cc,2026-09-16T15:48:38.264753+00:00,58499908a6af50344a1362c55c840a58cfd80d4373c7098c4c97a9e0271a573b,2e705ec469750609c6d2617daa47a33651f237ca1659d3fc9556011d5ee4f0e7,DRAFT,"AM1,AM2,AM3",3
섬유의복,2023Q3,1.0,0.0,0.0,0.0,OBSERVE,OBSERVE,1,False,OBSERVE,OBSERVE,20260916T154838264753Z-3c7692cc,2026-09-16T15:48:38.264753+00:00,58499908a6af50344a1362c55c840a58cfd80d4373c7098c4c97a9e0271a573b,2e705ec469750609c6d2617daa47a33651f237ca1659d3fc9556011d5ee4f0e7,DRAFT,"AM1,AM2,AM3",3
섬유의복,2023Q4,0.0,0.0,0.0,1.0,UNDETERMINED,UNDETERMINED,1,False,UNDETERMINED,UNDETERMINED,20260916T154838264753Z-3c7692cc,2026-09-16T15:48:38.264753+00:00,58499908a6af50344a1362c55c840a58cfd80d4373c7098c4c97a9e0271a573b,2e705ec469750609c6d2617daa47a33651f237ca1659d3fc9556011d5ee4f0e7,DRAFT,"AM1,AM2,AM3",3
섬유의복,2024Q1,0.7340974212034383,0.2659025787965616,0.0,0.0,,OBSERVE|CHECK,2,True,CHECK,CHECK,20260916T154838264753Z-3c7692cc,2026-09-16T15:48:38.264753+00:00,58499908a6af50344a1362c55c840a58cfd80d4373c7098c4c97a9e0271a573b,2e705ec469750609c6d2617daa47a33651f237ca1659d3fc9556011d5ee4f0e7,DRAFT,"AM1,AM2,AM3",3
섬유의복,2024Q2,0.09742120343839542,0.8544412607449857,0.048137535816618914,0.0,,OBSERVE|CHECK|PRIORITY,3,True,CHECK,CHECK,20260916T154838264753Z-3c7692cc,2026-09-16T15:48:38.264753+00:00,58499908a6af50344a1362c55c840a58cfd80d4373c7098c4c97a9e0271a573b,2e705ec469750609c6d2617daa47a33651f237ca1659d3fc9556011d5ee4f0e7,DRAFT,"AM1,AM2,AM3",3
섬유의복,2024Q3,0.7438395415472779,0.25616045845272206,0.0,0.0,,OBSERVE|CHECK,2,True,CHECK,CHECK,20260916T154838264753Z-3c7692cc,2026-09-16T15:48:38.264753+00:00,58499908a6af50344a1362c55c840a58cfd80d4373c7098c4c97a9e0271a573b,2e705ec469750609c6d2617daa47a33651f237ca1659d3fc9556011d5ee4f0e7,DRAFT,"AM1,AM2,AM3",3
섬유의복,2024Q4,0.0,0.0,0.0,1.0,UNDETERMINED,UNDETERMINED,1,False,UNDETERMINED,UNDETERMINED,20260916T154838264753Z-3c7692cc,2026-09-16T15:48:38.264753+00:00,58499908a6af50344a1362c55c840a58cfd80d4373c7098c4c97a9e0271a573b,2e705ec469750609c6d2617daa47a33651f237ca1659d3fc9556011d5ee4f0e7,DRAFT,"AM1,AM2,AM3",3
섬유의복,2025Q1,0.12378223495702005,0.6200573065902579,0.25616045845272206,0.0,,OBSERVE|CHECK|PRIORITY,3,True,PRIORITY,PRIORITY,20260916T154838264753Z-3c7692cc,2026-09-16T15:48:38.264753+00:00,58499908a6af50344a1362c55c840a58cfd80d4373c7098c4c97a9e0271a573b,2e705ec469750609c6d2617daa47a33651f237ca1659d3fc9556011d5ee4f0e7,DRAFT,"AM1,AM2,AM3",3
섬유의복,2025Q2,0.5421203438395416,0.2017191977077364,0.25616045845272206,0.0,,OBSERVE|CHECK|PRIORITY,3,True,PRIORITY,PRIORITY,20260916T154838264753Z-3c7692cc,2026-09-16T15:48:38.264753+00:00,58499908a6af50344a1362c55c840a58cfd80d4373c7098c4c97a9e0271a573b,2e705ec469750609c6d2617daa47a33651f237ca1659d3fc9556011d5ee4f0e7,DRAFT,"AM1,AM2,AM3",3
섬유의복,2025Q3,0.09799426934097422,0.0017191977077363897,0.9002865329512894,0.0,,OBSERVE|CHECK|PRIORITY,3,True,PRIORITY,PRIORITY,20260916T154838264753Z-3c7692cc,2026-09-16T15:48:38.264753+00:00,58499908a6af50344a1362c55c840a58cfd80d4373c7098c4c97a9e0271a573b,2e705ec469750609c6d2617daa47a33651f237ca1659d3fc9556011d5ee4f0e7,DRAFT,"AM1,AM2,AM3",3
섬유의복,2025Q4,1.0,0.0,0.0,0.0,OBSERVE,OBSERVE,1,False,OBSERVE,OBSERVE,20260916T154838264753Z-3c7692cc,2026-09-16T15:48:38.264753+00:00,58499908a6af50344a1362c55c840a58cfd80d4373c7098c4c97a9e0271a573b,2e705ec469750609c6d2617daa47a33651f237ca1659d3fc9556011d5ee4f0e7,DRAFT,"AM1,AM2,AM3",3
섬유의복,2026Q1,1.0,0.0,0.0,0.0,OBSERVE,OBSERVE,1,False,OBSERVE,OBSERVE,20260916T154838264753Z-3c7692cc,2026-09-16T15:48:38.264753+00:00,58499908a6af50344a1362c55c840a58cfd80d4373c7098c4c97a9e0271a573b,2e705ec469750609c6d2617daa47a33651f237ca1659d3fc9556011d5ee4f0e7,DRAFT,"AM1,AM2,AM3",3
섬유의복,2026Q2,1.0,0.0,0.0,0.0,OBSERVE,OBSERVE,1,False,OBSERVE,OBSERVE,20260916T154838264753Z-3c7692cc,2026-09-16T15:48:38.264753+00:00,58499908a6af50344a1362c55c840a58cfd80d4373c7098c4c97a9e0271a573b,2e705ec469750609c6d2617daa47a33651f237ca1659d3fc9556011d5ee4f0e7,DRAFT,"AM1,AM2,AM3",3
운송장비,2022Q1,0.35873925501432663,0.6412607449856733,0.0,0.0,,OBSERVE|CHECK,2,True,OBSERVE,CHECK,20260916T154838264753Z-3c7692cc,2026-09-16T15:48:38.264753+00:00,58499908a6af50344a1362c55c840a58cfd80d4373c7098c4c97a9e0271a573b,2e705ec469750609c6d2617daa47a33651f237ca1659d3fc9556011d5ee4f0e7,DRAFT,"AM1,AM2,AM3",3
운송장비,2022Q2,0.0,1.0,0.0,0.0,CHECK,CHECK,1,True,CHECK,CHECK,20260916T154838264753Z-3c7692cc,2026-09-16T15:48:38.264753+00:00,58499908a6af50344a1362c55c840a58cfd80d4373c7098c4c97a9e0271a573b,2e705ec469750609c6d2617daa47a33651f237ca1659d3fc9556011d5ee4f0e7,DRAFT,"AM1,AM2,AM3",3
운송장비,2022Q3,0.6303724928366762,0.36962750716332377,0.0,0.0,,OBSERVE|CHECK,2,True,CHECK,CHECK,20260916T154838264753Z-3c7692cc,2026-09-16T15:48:38.264753+00:00,58499908a6af50344a1362c55c840a58cfd80d4373c7098c4c97a9e0271a573b,2e705ec469750609c6d2617daa47a33651f237ca1659d3fc9556011d5ee4f0e7,DRAFT,"AM1,AM2,AM3",3
운송장비,2022Q4,1.0,0.0,0.0,0.0,OBSERVE,OBSERVE,1,False,OBSERVE,OBSERVE,20260916T154838264753Z-3c7692cc,2026-09-16T15:48:38.264753+00:00,58499908a6af50344a1362c55c840a58cfd80d4373c7098c4c97a9e0271a573b,2e705ec469750609c6d2617daa47a33651f237ca1659d3fc9556011d5ee4f0e7,DRAFT,"AM1,AM2,AM3",3
운송장비,2023Q1,1.0,0.0,0.0,0.0,OBSERVE,OBSERVE,1,False,OBSERVE,OBSERVE,20260916T154838264753Z-3c7692cc,2026-09-16T15:48:38.264753+00:00,58499908a6af50344a1362c55c840a58cfd80d4373c7098c4c97a9e0271a573b,2e705ec469750609c6d2617daa47a33651f237ca1659d3fc9556011d5ee4f0e7,DRAFT,"AM1,AM2,AM3",3
운송장비,2023Q2,1.0,0.0,0.0,0.0,OBSERVE,OBSERVE,1,False,OBSERVE,OBSERVE,20260916T154838264753Z-3c7692cc,2026-09-16T15:48:38.264753+00:00,58499908a6af50344a1362c55c840a58cfd80d4373c7098c4c97a9e0271a573b,2e705ec469750609c6d2617daa47a33651f237ca1659d3fc9556011d5ee4f0e7,DRAFT,"AM1,AM2,AM3",3
운송장비,2023Q3,1.0,0.0,0.0,0.0,OBSERVE,OBSERVE,1,False,OBSERVE,OBSERVE,20260916T154838264753Z-3c7692cc,2026-09-16T15:48:38.264753+00:00,58499908a6af50344a1362c55c840a58cfd80d4373c7098c4c97a9e0271a573b,2e705ec469750609c6d2617daa47a33651f237ca1659d3fc9556011d5ee4f0e7,DRAFT,"AM1,AM2,AM3",3
운송장비,2023Q4,0.0,0.0,0.0,1.0,UNDETERMINED,UNDETERMINED,1,False,UNDETERMINED,UNDETERMINED,20260916T154838264753Z-3c7692cc,2026-09-16T15:48:38.264753+00:00,58499908a6af50344a1362c55c840a58cfd80d4373c7098c4c97a9e0271a573b,2e705ec469750609c6d2617daa47a33651f237ca1659d3fc9556011d5ee4f0e7,DRAFT,"AM1,AM2,AM3",3
운송장비,2024Q1,1.0,0.0,0.0,0.0,OBSERVE,OBSERVE,1,False,OBSERVE,OBSERVE,20260916T154838264753Z-3c7692cc,2026-09-16T15:48:38.264753+00:00,58499908a6af50344a1362c55c840a58cfd80d4373c7098c4c97a9e0271a573b,2e705ec469750609c6d2617daa47a33651f237ca1659d3fc9556011d5ee4f0e7,DRAFT,"AM1,AM2,AM3",3
운송장비,2024Q2,1.0,0.0,0.0,0.0,OBSERVE,OBSERVE,1,False,OBSERVE,OBSERVE,20260916T154838264753Z-3c7692cc,2026-09-16T15:48:38.264753+00:00,58499908a6af50344a1362c55c840a58cfd80d4373c7098c4c97a9e0271a573b,2e705ec469750609c6d2617daa47a33651f237ca1659d3fc9556011d5ee4f0e7,DRAFT,"AM1,AM2,AM3",3
운송장비,2024Q3,1.0,0.0,0.0,0.0,OBSERVE,OBSERVE,1,False,OBSERVE,OBSERVE,20260916T154838264753Z-3c7692cc,2026-09-16T15:48:38.264753+00:00,58499908a6af50344a1362c55c840a58cfd80d4373c7098c4c97a9e0271a573b,2e705ec469750609c6d2617daa47a33651f237ca1659d3fc9556011d5ee4f0e7,DRAFT,"AM1,AM2,AM3",3
운송장비,2024Q4,0.0,0.0,0.0,1.0,UNDETERMINED,UNDETERMINED,1,False,UNDETERMINED,UNDETERMINED,20260916T154838264753Z-3c7692cc,2026-09-16T15:48:38.264753+00:00,58499908a6af50344a1362c55c840a58cfd80d4373c7098c4c97a9e0271a573b,2e705ec469750609c6d2617daa47a33651f237ca1659d3fc9556011d5ee4f0e7,DRAFT,"AM1,AM2,AM3",3
운송장비,2025Q1,0.0,1.0,0.0,0.0,CHECK,CHECK,1,True,OBSERVE,CHECK,20260916T154838264753Z-3c7692cc,2026-09-16T15:48:38.264753+00:00,58499908a6af50344a1362c55c840a58cfd80d4373c7098c4c97a9e0271a573b,2e705ec469750609c6d2617daa47a33651f237ca1659d3fc9556011d5ee4f0e7,DRAFT,"AM1,AM2,AM3",3
운송장비,2025Q2,0.0,1.0,0.0,0.0,CHECK,CHECK,1,True,CHECK,CHECK,20260916T154838264753Z-3c7692cc,2026-09-16T15:48:38.264753+00:00,58499908a6af50344a1362c55c840a58cfd80d4373c7098c4c97a9e0271a573b,2e705ec469750609c6d2617daa47a33651f237ca1659d3fc9556011d5ee4f0e7,DRAFT,"AM1,AM2,AM3",3
운송장비,2025Q3,0.0,0.9753581661891118,0.02464183381088825,0.0,,CHECK|PRIORITY,2,True,CHECK,CHECK,20260916T154838264753Z-3c7692cc,2026-09-16T15:48:38.264753+00:00,58499908a6af50344a1362c55c840a58cfd80d4373c7098c4c97a9e0271a573b,2e705ec469750609c6d2617daa47a33651f237ca1659d3fc9556011d5ee4f0e7,DRAFT,"AM1,AM2,AM3",3
운송장비,2025Q4,0.0,0.0,1.0,0.0,PRIORITY,PRIORITY,1,True,PRIORITY,PRIORITY,20260916T154838264753Z-3c7692cc,2026-09-16T15:48:38.264753+00:00,58499908a6af50344a1362c55c840a58cfd80d4373c7098c4c97a9e0271a573b,2e705ec469750609c6d2617daa47a33651f237ca1659d3fc9556011d5ee4f0e7,DRAFT,"AM1,AM2,AM3",3
운송장비,2026Q1,0.529512893982808,0.47048710601719196,0.0,0.0,,OBSERVE|CHECK,2,True,CHECK,CHECK,20260916T154838264753Z-3c7692cc,2026-09-16T15:48:38.264753+00:00,58499908a6af50344a1362c55c840a58cfd80d4373c7098c4c97a9e0271a573b,2e705ec469750609c6d2617daa47a33651f237ca1659d3fc9556011d5ee4f0e7,DRAFT,"AM1,AM2,AM3",3
운송장비,2026Q2,0.6143266475644699,0.3856733524355301,0.0,0.0,,OBSERVE|CHECK,2,True,CHECK,CHECK,20260916T154838264753Z-3c7692cc,2026-09-16T15:48:38.264753+00:00,58499908a6af50344a1362c55c840a58cfd80d4373c7098c4c97a9e0271a573b,2e705ec469750609c6d2617daa47a33651f237ca1659d3fc9556011d5ee4f0e7,DRAFT,"AM1,AM2,AM3",3
음식료,2022Q1,1.0,0.0,0.0,0.0,OBSERVE,OBSERVE,1,False,OBSERVE,OBSERVE,20260916T154838264753Z-3c7692cc,2026-09-16T15:48:38.264753+00:00,58499908a6af50344a1362c55c840a58cfd80d4373c7098c4c97a9e0271a573b,2e705ec469750609c6d2617daa47a33651f237ca1659d3fc9556011d5ee4f0e7,DRAFT,"AM1,AM2,AM3",3
음식료,2022Q2,1.0,0.0,0.0,0.0,OBSERVE,OBSERVE,1,False,OBSERVE,OBSERVE,20260916T154838264753Z-3c7692cc,2026-09-16T15:48:38.264753+00:00,58499908a6af50344a1362c55c840a58cfd80d4373c7098c4c97a9e0271a573b,2e705ec469750609c6d2617daa47a33651f237ca1659d3fc9556011d5ee4f0e7,DRAFT,"AM1,AM2,AM3",3
음식료,2022Q3,1.0,0.0,0.0,0.0,OBSERVE,OBSERVE,1,False,OBSERVE,OBSERVE,20260916T154838264753Z-3c7692cc,2026-09-16T15:48:38.264753+00:00,58499908a6af50344a1362c55c840a58cfd80d4373c7098c4c97a9e0271a573b,2e705ec469750609c6d2617daa47a33651f237ca1659d3fc9556011d5ee4f0e7,DRAFT,"AM1,AM2,AM3",3
음식료,2022Q4,1.0,0.0,0.0,0.0,OBSERVE,OBSERVE,1,False,OBSERVE,OBSERVE,20260916T154838264753Z-3c7692cc,2026-09-16T15:48:38.264753+00:00,58499908a6af50344a1362c55c840a58cfd80d4373c7098c4c97a9e0271a573b,2e705ec469750609c6d2617daa47a33651f237ca1659d3fc9556011d5ee4f0e7,DRAFT,"AM1,AM2,AM3",3
음식료,2023Q1,1.0,0.0,0.0,0.0,OBSERVE,OBSERVE,1,False,OBSERVE,OBSERVE,20260916T154838264753Z-3c7692cc,2026-09-16T15:48:38.264753+00:00,58499908a6af50344a1362c55c840a58cfd80d4373c7098c4c97a9e0271a573b,2e705ec469750609c6d2617daa47a33651f237ca1659d3fc9556011d5ee4f0e7,DRAFT,"AM1,AM2,AM3",3
음식료,2023Q2,1.0,0.0,0.0,0.0,OBSERVE,OBSERVE,1,False,OBSERVE,OBSERVE,20260916T154838264753Z-3c7692cc,2026-09-16T15:48:38.264753+00:00,58499908a6af50344a1362c55c840a58cfd80d4373c7098c4c97a9e0271a573b,2e705ec469750609c6d2617daa47a33651f237ca1659d3fc9556011d5ee4f0e7,DRAFT,"AM1,AM2,AM3",3
음식료,2023Q3,1.0,0.0,0.0,0.0,OBSERVE,OBSERVE,1,False,OBSERVE,OBSERVE,20260916T154838264753Z-3c7692cc,2026-09-16T15:48:38.264753+00:00,58499908a6af50344a1362c55c840a58cfd80d4373c7098c4c97a9e0271a573b,2e705ec469750609c6d2617daa47a33651f237ca1659d3fc9556011d5ee4f0e7,DRAFT,"AM1,AM2,AM3",3
음식료,2023Q4,0.0,0.0,0.0,1.0,UNDETERMINED,UNDETERMINED,1,False,UNDETERMINED,UNDETERMINED,20260916T154838264753Z-3c7692cc,2026-09-16T15:48:38.264753+00:00,58499908a6af50344a1362c55c840a58cfd80d4373c7098c4c97a9e0271a573b,2e705ec469750609c6d2617daa47a33651f237ca1659d3fc9556011d5ee4f0e7,DRAFT,"AM1,AM2,AM3",3
음식료,2024Q1,1.0,0.0,0.0,0.0,OBSERVE,OBSERVE,1,False,OBSERVE,OBSERVE,20260916T154838264753Z-3c7692cc,2026-09-16T15:48:38.264753+00:00,58499908a6af50344a1362c55c840a58cfd80d4373c7098c4c97a9e0271a573b,2e705ec469750609c6d2617daa47a33651f237ca1659d3fc9556011d5ee4f0e7,DRAFT,"AM1,AM2,AM3",3
음식료,2024Q2,1.0,0.0,0.0,0.0,OBSERVE,OBSERVE,1,False,OBSERVE,OBSERVE,20260916T154838264753Z-3c7692cc,2026-09-16T15:48:38.264753+00:00,58499908a6af50344a1362c55c840a58cfd80d4373c7098c4c97a9e0271a573b,2e705ec469750609c6d2617daa47a33651f237ca1659d3fc9556011d5ee4f0e7,DRAFT,"AM1,AM2,AM3",3
음식료,2024Q3,1.0,0.0,0.0,0.0,OBSERVE,OBSERVE,1,False,OBSERVE,OBSERVE,20260916T154838264753Z-3c7692cc,2026-09-16T15:48:38.264753+00:00,58499908a6af50344a1362c55c840a58cfd80d4373c7098c4c97a9e0271a573b,2e705ec469750609c6d2617daa47a33651f237ca1659d3fc9556011d5ee4f0e7,DRAFT,"AM1,AM2,AM3",3
음식료,2024Q4,0.0,0.0,0.0,1.0,UNDETERMINED,UNDETERMINED,1,False,UNDETERMINED,UNDETERMINED,20260916T154838264753Z-3c7692cc,2026-09-16T15:48:38.264753+00:00,58499908a6af50344a1362c55c840a58cfd80d4373c7098c4c97a9e0271a573b,2e705ec469750609c6d2617daa47a33651f237ca1659d3fc9556011d5ee4f0e7,DRAFT,"AM1,AM2,AM3",3
음식료,2025Q1,0.14269340974212033,0.6510028653295129,0.20630372492836677,0.0,,OBSERVE|CHECK|PRIORITY,3,True,PRIORITY,PRIORITY,20260916T154838264753Z-3c7692cc,2026-09-16T15:48:38.264753+00:00,58499908a6af50344a1362c55c840a58cfd80d4373c7098c4c97a9e0271a573b,2e705ec469750609c6d2617daa47a33651f237ca1659d3fc9556011d5ee4f0e7,DRAFT,"AM1,AM2,AM3",3
음식료,2025Q2,0.0,0.7936962750716332,0.20630372492836677,0.0,,CHECK|PRIORITY,2,True,PRIORITY,PRIORITY,20260916T154838264753Z-3c7692cc,2026-09-16T15:48:38.264753+00:00,58499908a6af50344a1362c55c840a58cfd80d4373c7098c4c97a9e0271a573b,2e705ec469750609c6d2617daa47a33651f237ca1659d3fc9556011d5ee4f0e7,DRAFT,"AM1,AM2,AM3",3
음식료,2025Q3,0.0,0.5060171919770774,0.49398280802292266,0.0,,CHECK|PRIORITY,2,True,PRIORITY,PRIORITY,20260916T154838264753Z-3c7692cc,2026-09-16T15:48:38.264753+00:00,58499908a6af50344a1362c55c840a58cfd80d4373c7098c4c97a9e0271a573b,2e705ec469750609c6d2617daa47a33651f237ca1659d3fc9556011d5ee4f0e7,DRAFT,"AM1,AM2,AM3",3
음식료,2025Q4,0.0,0.0997134670487106,0.9002865329512894,0.0,,CHECK|PRIORITY,2,True,PRIORITY,PRIORITY,20260916T154838264753Z-3c7692cc,2026-09-16T15:48:38.264753+00:00,58499908a6af50344a1362c55c840a58cfd80d4373c7098c4c97a9e0271a573b,2e705ec469750609c6d2617daa47a33651f237ca1659d3fc9556011d5ee4f0e7,DRAFT,"AM1,AM2,AM3",3
음식료,2026Q1,0.0,0.7438395415472779,0.25616045845272206,0.0,,CHECK|PRIORITY,2,True,PRIORITY,PRIORITY,20260916T154838264753Z-3c7692cc,2026-09-16T15:48:38.264753+00:00,58499908a6af50344a1362c55c840a58cfd80d4373c7098c4c97a9e0271a573b,2e705ec469750609c6d2617daa47a33651f237ca1659d3fc9556011d5ee4f0e7,DRAFT,"AM1,AM2,AM3",3
음식료,2026Q2,0.7014326647564469,0.2979942693409742,0.0005730659025787965,0.0,,OBSERVE|CHECK|PRIORITY,3,True,CHECK,CHECK,20260916T154838264753Z-3c7692cc,2026-09-16T15:48:38.264753+00:00,58499908a6af50344a1362c55c840a58cfd80d4373c7098c4c97a9e0271a573b,2e705ec469750609c6d2617daa47a33651f237ca1659d3fc9556011d5ee4f0e7,DRAFT,"AM1,AM2,AM3",3
전기전자,2022Q1,1.0,0.0,0.0,0.0,OBSERVE,OBSERVE,1,False,OBSERVE,OBSERVE,20260916T154838264753Z-3c7692cc,2026-09-16T15:48:38.264753+00:00,58499908a6af50344a1362c55c840a58cfd80d4373c7098c4c97a9e0271a573b,2e705ec469750609c6d2617daa47a33651f237ca1659d3fc9556011d5ee4f0e7,DRAFT,"AM1,AM2,AM3",3
전기전자,2022Q2,1.0,0.0,0.0,0.0,OBSERVE,OBSERVE,1,False,OBSERVE,OBSERVE,20260916T154838264753Z-3c7692cc,2026-09-16T15:48:38.264753+00:00,58499908a6af50344a1362c55c840a58cfd80d4373c7098c4c97a9e0271a573b,2e705ec469750609c6d2617daa47a33651f237ca1659d3fc9556011d5ee4f0e7,DRAFT,"AM1,AM2,AM3",3
전기전자,2022Q3,1.0,0.0,0.0,0.0,OBSERVE,OBSERVE,1,False,OBSERVE,OBSERVE,20260916T154838264753Z-3c7692cc,2026-09-16T15:48:38.264753+00:00,58499908a6af50344a1362c55c840a58cfd80d4373c7098c4c97a9e0271a573b,2e705ec469750609c6d2617daa47a33651f237ca1659d3fc9556011d5ee4f0e7,DRAFT,"AM1,AM2,AM3",3
전기전자,2022Q4,0.0,0.9828080229226361,0.017191977077363897,0.0,,CHECK|PRIORITY,2,True,CHECK,CHECK,20260916T154838264753Z-3c7692cc,2026-09-16T15:48:38.264753+00:00,58499908a6af50344a1362c55c840a58cfd80d4373c7098c4c97a9e0271a573b,2e705ec469750609c6d2617daa47a33651f237ca1659d3fc9556011d5ee4f0e7,DRAFT,"AM1,AM2,AM3",3
전기전자,2023Q1,1.0,0.0,0.0,0.0,OBSERVE,OBSERVE,1,False,OBSERVE,OBSERVE,20260916T154838264753Z-3c7692cc,2026-09-16T15:48:38.264753+00:00,58499908a6af50344a1362c55c840a58cfd80d4373c7098c4c97a9e0271a573b,2e705ec469750609c6d2617daa47a33651f237ca1659d3fc9556011d5ee4f0e7,DRAFT,"AM1,AM2,AM3",3
전기전자,2023Q2,1.0,0.0,0.0,0.0,OBSERVE,OBSERVE,1,False,OBSERVE,OBSERVE,20260916T154838264753Z-3c7692cc,2026-09-16T15:48:38.264753+00:00,58499908a6af50344a1362c55c840a58cfd80d4373c7098c4c97a9e0271a573b,2e705ec469750609c6d2617daa47a33651f237ca1659d3fc9556011d5ee4f0e7,DRAFT,"AM1,AM2,AM3",3
전기전자,2023Q3,1.0,0.0,0.0,0.0,OBSERVE,OBSERVE,1,False,OBSERVE,OBSERVE,20260916T154838264753Z-3c7692cc,2026-09-16T15:48:38.264753+00:00,58499908a6af50344a1362c55c840a58cfd80d4373c7098c4c97a9e0271a573b,2e705ec469750609c6d2617daa47a33651f237ca1659d3fc9556011d5ee4f0e7,DRAFT,"AM1,AM2,AM3",3
전기전자,2023Q4,0.0,0.0,0.0,1.0,UNDETERMINED,UNDETERMINED,1,False,UNDETERMINED,UNDETERMINED,20260916T154838264753Z-3c7692cc,2026-09-16T15:48:38.264753+00:00,58499908a6af50344a1362c55c840a58cfd80d4373c7098c4c97a9e0271a573b,2e705ec469750609c6d2617daa47a33651f237ca1659d3fc9556011d5ee4f0e7,DRAFT,"AM1,AM2,AM3",3
전기전자,2024Q1,1.0,0.0,0.0,0.0,OBSERVE,OBSERVE,1,False,OBSERVE,OBSERVE,20260916T154838264753Z-3c7692cc,2026-09-16T15:48:38.264753+00:00,58499908a6af50344a1362c55c840a58cfd80d4373c7098c4c97a9e0271a573b,2e705ec469750609c6d2617daa47a33651f237ca1659d3fc9556011d5ee4f0e7,DRAFT,"AM1,AM2,AM3",3
전기전자,2024Q2,1.0,0.0,0.0,0.0,OBSERVE,OBSERVE,1,False,OBSERVE,OBSERVE,20260916T154838264753Z-3c7692cc,2026-09-16T15:48:38.264753+00:00,58499908a6af50344a1362c55c840a58cfd80d4373c7098c4c97a9e0271a573b,2e705ec469750609c6d2617daa47a33651f237ca1659d3fc9556011d5ee4f0e7,DRAFT,"AM1,AM2,AM3",3
전기전자,2024Q3,1.0,0.0,0.0,0.0,OBSERVE,OBSERVE,1,False,OBSERVE,OBSERVE,20260916T154838264753Z-3c7692cc,2026-09-16T15:48:38.264753+00:00,58499908a6af50344a1362c55c840a58cfd80d4373c7098c4c97a9e0271a573b,2e705ec469750609c6d2617daa47a33651f237ca1659d3fc9556011d5ee4f0e7,DRAFT,"AM1,AM2,AM3",3
전기전자,2024Q4,0.0,0.0,0.0,1.0,UNDETERMINED,UNDETERMINED,1,False,UNDETERMINED,UNDETERMINED,20260916T154838264753Z-3c7692cc,2026-09-16T15:48:38.264753+00:00,58499908a6af50344a1362c55c840a58cfd80d4373c7098c4c97a9e0271a573b,2e705ec469750609c6d2617daa47a33651f237ca1659d3fc9556011d5ee4f0e7,DRAFT,"AM1,AM2,AM3",3
전기전자,2025Q1,0.0,1.0,0.0,0.0,CHECK,CHECK,1,True,OBSERVE,CHECK,20260916T154838264753Z-3c7692cc,2026-09-16T15:48:38.264753+00:00,58499908a6af50344a1362c55c840a58cfd80d4373c7098c4c97a9e0271a573b,2e705ec469750609c6d2617daa47a33651f237ca1659d3fc9556011d5ee4f0e7,DRAFT,"AM1,AM2,AM3",3
전기전자,2025Q2,0.0,0.7845272206303725,0.2154727793696275,0.0,,CHECK|PRIORITY,2,True,CHECK,CHECK,20260916T154838264753Z-3c7692cc,2026-09-16T15:48:38.264753+00:00,58499908a6af50344a1362c55c840a58cfd80d4373c7098c4c97a9e0271a573b,2e705ec469750609c6d2617daa47a33651f237ca1659d3fc9556011d5ee4f0e7,DRAFT,"AM1,AM2,AM3",3
전기전자,2025Q3,0.0,0.9318051575931232,0.06819484240687679,0.0,,CHECK|PRIORITY,2,True,CHECK,CHECK,20260916T154838264753Z-3c7692cc,2026-09-16T15:48:38.264753+00:00,58499908a6af50344a1362c55c840a58cfd80d4373c7098c4c97a9e0271a573b,2e705ec469750609c6d2617daa47a33651f237ca1659d3fc9556011d5ee4f0e7,DRAFT,"AM1,AM2,AM3",3
전기전자,2025Q4,0.0,0.15644699140401147,0.8435530085959886,0.0,,CHECK|PRIORITY,2,True,PRIORITY,PRIORITY,20260916T154838264753Z-3c7692cc,2026-09-16T15:48:38.264753+00:00,58499908a6af50344a1362c55c840a58cfd80d4373c7098c4c97a9e0271a573b,2e705ec469750609c6d2617daa47a33651f237ca1659d3fc9556011d5ee4f0e7,DRAFT,"AM1,AM2,AM3",3
전기전자,2026Q1,0.03553008595988539,0.9638968481375358,0.0005730659025787965,0.0,,OBSERVE|CHECK|PRIORITY,3,True,CHECK,CHECK,20260916T154838264753Z-3c7692cc,2026-09-16T15:48:38.264753+00:00,58499908a6af50344a1362c55c840a58cfd80d4373c7098c4c97a9e0271a573b,2e705ec469750609c6d2617daa47a33651f237ca1659d3fc9556011d5ee4f0e7,DRAFT,"AM1,AM2,AM3",3
전기전자,2026Q2,0.7232091690544412,0.27679083094555873,0.0,0.0,,OBSERVE|CHECK,2,True,CHECK,CHECK,20260916T154838264753Z-3c7692cc,2026-09-16T15:48:38.264753+00:00,58499908a6af50344a1362c55c840a58cfd80d4373c7098c4c97a9e0271a573b,2e705ec469750609c6d2617daa47a33651f237ca1659d3fc9556011d5ee4f0e7,DRAFT,"AM1,AM2,AM3",3
철강,2022Q1,1.0,0.0,0.0,0.0,OBSERVE,OBSERVE,1,False,OBSERVE,OBSERVE,20260916T154838264753Z-3c7692cc,2026-09-16T15:48:38.264753+00:00,58499908a6af50344a1362c55c840a58cfd80d4373c7098c4c97a9e0271a573b,2e705ec469750609c6d2617daa47a33651f237ca1659d3fc9556011d5ee4f0e7,DRAFT,"AM1,AM2,AM3",3
철강,2022Q2,1.0,0.0,0.0,0.0,OBSERVE,OBSERVE,1,False,OBSERVE,OBSERVE,20260916T154838264753Z-3c7692cc,2026-09-16T15:48:38.264753+00:00,58499908a6af50344a1362c55c840a58cfd80d4373c7098c4c97a9e0271a573b,2e705ec469750609c6d2617daa47a33651f237ca1659d3fc9556011d5ee4f0e7,DRAFT,"AM1,AM2,AM3",3
철강,2022Q3,1.0,0.0,0.0,0.0,OBSERVE,OBSERVE,1,False,OBSERVE,OBSERVE,20260916T154838264753Z-3c7692cc,2026-09-16T15:48:38.264753+00:00,58499908a6af50344a1362c55c840a58cfd80d4373c7098c4c97a9e0271a573b,2e705ec469750609c6d2617daa47a33651f237ca1659d3fc9556011d5ee4f0e7,DRAFT,"AM1,AM2,AM3",3
철강,2022Q4,0.0,1.0,0.0,0.0,CHECK,CHECK,1,True,CHECK,CHECK,20260916T154838264753Z-3c7692cc,2026-09-16T15:48:38.264753+00:00,58499908a6af50344a1362c55c840a58cfd80d4373c7098c4c97a9e0271a573b,2e705ec469750609c6d2617daa47a33651f237ca1659d3fc9556011d5ee4f0e7,DRAFT,"AM1,AM2,AM3",3
철강,2023Q1,0.0,0.969054441260745,0.030945558739255013,0.0,,CHECK|PRIORITY,2,True,CHECK,CHECK,20260916T154838264753Z-3c7692cc,2026-09-16T15:48:38.264753+00:00,58499908a6af50344a1362c55c840a58cfd80d4373c7098c4c97a9e0271a573b,2e705ec469750609c6d2617daa47a33651f237ca1659d3fc9556011d5ee4f0e7,DRAFT,"AM1,AM2,AM3",3
철강,2023Q2,0.0,0.9902578796561604,0.009742120343839542,0.0,,CHECK|PRIORITY,2,True,CHECK,CHECK,20260916T154838264753Z-3c7692cc,2026-09-16T15:48:38.264753+00:00,58499908a6af50344a1362c55c840a58cfd80d4373c7098c4c97a9e0271a573b,2e705ec469750609c6d2617daa47a33651f237ca1659d3fc9556011d5ee4f0e7,DRAFT,"AM1,AM2,AM3",3
철강,2023Q3,0.0,0.929512893982808,0.07048710601719198,0.0,,CHECK|PRIORITY,2,True,CHECK,PRIORITY,20260916T154838264753Z-3c7692cc,2026-09-16T15:48:38.264753+00:00,58499908a6af50344a1362c55c840a58cfd80d4373c7098c4c97a9e0271a573b,2e705ec469750609c6d2617daa47a33651f237ca1659d3fc9556011d5ee4f0e7,DRAFT,"AM1,AM2,AM3",3
철강,2023Q4,0.0,0.0,0.0,1.0,UNDETERMINED,UNDETERMINED,1,False,UNDETERMINED,UNDETERMINED,20260916T154838264753Z-3c7692cc,2026-09-16T15:48:38.264753+00:00,58499908a6af50344a1362c55c840a58cfd80d4373c7098c4c97a9e0271a573b,2e705ec469750609c6d2617daa47a33651f237ca1659d3fc9556011d5ee4f0e7,DRAFT,"AM1,AM2,AM3",3
철강,2024Q1,1.0,0.0,0.0,0.0,OBSERVE,OBSERVE,1,False,OBSERVE,OBSERVE,20260916T154838264753Z-3c7692cc,2026-09-16T15:48:38.264753+00:00,58499908a6af50344a1362c55c840a58cfd80d4373c7098c4c97a9e0271a573b,2e705ec469750609c6d2617daa47a33651f237ca1659d3fc9556011d5ee4f0e7,DRAFT,"AM1,AM2,AM3",3
철강,2024Q2,1.0,0.0,0.0,0.0,OBSERVE,OBSERVE,1,False,OBSERVE,OBSERVE,20260916T154838264753Z-3c7692cc,2026-09-16T15:48:38.264753+00:00,58499908a6af50344a1362c55c840a58cfd80d4373c7098c4c97a9e0271a573b,2e705ec469750609c6d2617daa47a33651f237ca1659d3fc9556011d5ee4f0e7,DRAFT,"AM1,AM2,AM3",3
철강,2024Q3,1.0,0.0,0.0,0.0,OBSERVE,OBSERVE,1,False,OBSERVE,OBSERVE,20260916T154838264753Z-3c7692cc,2026-09-16T15:48:38.264753+00:00,58499908a6af50344a1362c55c840a58cfd80d4373c7098c4c97a9e0271a573b,2e705ec469750609c6d2617daa47a33651f237ca1659d3fc9556011d5ee4f0e7,DRAFT,"AM1,AM2,AM3",3
철강,2024Q4,0.0,0.0,0.0,1.0,UNDETERMINED,UNDETERMINED,1,False,UNDETERMINED,UNDETERMINED,20260916T154838264753Z-3c7692cc,2026-09-16T15:48:38.264753+00:00,58499908a6af50344a1362c55c840a58cfd80d4373c7098c4c97a9e0271a573b,2e705ec469750609c6d2617daa47a33651f237ca1659d3fc9556011d5ee4f0e7,DRAFT,"AM1,AM2,AM3",3
철강,2025Q1,1.0,0.0,0.0,0.0,OBSERVE,OBSERVE,1,False,OBSERVE,OBSERVE,20260916T154838264753Z-3c7692cc,2026-09-16T15:48:38.264753+00:00,58499908a6af50344a1362c55c840a58cfd80d4373c7098c4c97a9e0271a573b,2e705ec469750609c6d2617daa47a33651f237ca1659d3fc9556011d5ee4f0e7,DRAFT,"AM1,AM2,AM3",3
철강,2025Q2,1.0,0.0,0.0,0.0,OBSERVE,OBSERVE,1,False,OBSERVE,OBSERVE,20260916T154838264753Z-3c7692cc,2026-09-16T15:48:38.264753+00:00,58499908a6af50344a1362c55c840a58cfd80d4373c7098c4c97a9e0271a573b,2e705ec469750609c6d2617daa47a33651f237ca1659d3fc9556011d5ee4f0e7,DRAFT,"AM1,AM2,AM3",3
철강,2025Q3,0.9994269340974212,0.0005730659025787965,0.0,0.0,,OBSERVE|CHECK,2,True,OBSERVE,OBSERVE,20260916T154838264753Z-3c7692cc,2026-09-16T15:48:38.264753+00:00,58499908a6af50344a1362c55c840a58cfd80d4373c7098c4c97a9e0271a573b,2e705ec469750609c6d2617daa47a33651f237ca1659d3fc9556011d5ee4f0e7,DRAFT,"AM1,AM2,AM3",3
철강,2025Q4,0.9300859598853868,0.06991404011461318,0.0,0.0,,OBSERVE|CHECK,2,True,OBSERVE,OBSERVE,20260916T154838264753Z-3c7692cc,2026-09-16T15:48:38.264753+00:00,58499908a6af50344a1362c55c840a58cfd80d4373c7098c4c97a9e0271a573b,2e705ec469750609c6d2617daa47a33651f237ca1659d3fc9556011d5ee4f0e7,DRAFT,"AM1,AM2,AM3",3
철강,2026Q1,0.839541547277937,0.16045845272206305,0.0,0.0,,OBSERVE|CHECK,2,True,OBSERVE,CHECK,20260916T154838264753Z-3c7692cc,2026-09-16T15:48:38.264753+00:00,58499908a6af50344a1362c55c840a58cfd80d4373c7098c4c97a9e0271a573b,2e705ec469750609c6d2617daa47a33651f237ca1659d3fc9556011d5ee4f0e7,DRAFT,"AM1,AM2,AM3",3
철강,2026Q2,0.47048710601719196,0.529512893982808,0.0,0.0,,OBSERVE|CHECK,2,True,CHECK,CHECK,20260916T154838264753Z-3c7692cc,2026-09-16T15:48:38.264753+00:00,58499908a6af50344a1362c55c840a58cfd80d4373c7098c4c97a9e0271a573b,2e705ec469750609c6d2617daa47a33651f237ca1659d3fc9556011d5ee4f0e7,DRAFT,"AM1,AM2,AM3",3
