period,expected,status,source_candidates,selected_source,candidate_count,selected_proxy_rows
2022-04,True,DUPLICATE_RESOLVED,(제공)2022_12345월_산업분류별-법정동별 전력데이터.xlsx|(제공)2204_산업분류별-법정동별 전력데이터_v1.xlsx,(제공)2022_12345월_산업분류별-법정동별 전력데이터.xlsx,2,847
2022-05,True,DUPLICATE_RESOLVED,(제공)2022_12345월_산업분류별-법정동별 전력데이터.xlsx|(제공)2205_산업분류별-법정동별 전력데이터_v1.xlsx,(제공)2022_12345월_산업분류별-법정동별 전력데이터.xlsx,2,846
2022-06,True,AVAILABLE,(제공)2206_산업분류별-법정동별 전력데이터.xlsx,(제공)2206_산업분류별-법정동별 전력데이터.xlsx,1,847
2022-07,True,AVAILABLE,(제공)2207_산업분류별-법정동별 전력데이터.xlsx,(제공)2207_산업분류별-법정동별 전력데이터.xlsx,1,846
2022-08,True,AVAILABLE,(제공)2208_산업분류별-법정동별 전력데이터.xlsx,(제공)2208_산업분류별-법정동별 전력데이터.xlsx,1,848
2022-09,True,AVAILABLE,(제공)2209_12_산업분류별-법정동별 전력데이터.xlsx,(제공)2209_12_산업분류별-법정동별 전력데이터.xlsx,1,851
2022-10,True,AVAILABLE,(제공)2209_12_산업분류별-법정동별 전력데이터.xlsx,(제공)2209_12_산업분류별-법정동별 전력데이터.xlsx,1,852
2022-11,True,AVAILABLE,(제공)2209_12_산업분류별-법정동별 전력데이터.xlsx,(제공)2209_12_산업분류별-법정동별 전력데이터.xlsx,1,853
2022-12,True,AVAILABLE,(제공)2209_12_산업분류별-법정동별 전력데이터.xlsx,(제공)2209_12_산업분류별-법정동별 전력데이터.xlsx,1,855
2023-01,True,AVAILABLE,(제공)2301_03_산업분류별-법정동별 전력데이터.xlsx,(제공)2301_03_산업분류별-법정동별 전력데이터.xlsx,1,854
2023-02,True,AVAILABLE,(제공)2301_03_산업분류별-법정동별 전력데이터.xlsx,(제공)2301_03_산업분류별-법정동별 전력데이터.xlsx,1,854
2023-03,True,AVAILABLE,(제공)2301_03_산업분류별-법정동별 전력데이터.xlsx,(제공)2301_03_산업분류별-법정동별 전력데이터.xlsx,1,855
2023-04,True,AVAILABLE,(제공)2304_06_산업분류별-법정동별 전력데이터.xlsx,(제공)2304_06_산업분류별-법정동별 전력데이터.xlsx,1,857
2023-05,True,AVAILABLE,(제공)2304_06_산업분류별-법정동별 전력데이터.xlsx,(제공)2304_06_산업분류별-법정동별 전력데이터.xlsx,1,859
2023-06,True,AVAILABLE,(제공)2304_06_산업분류별-법정동별 전력데이터.xlsx,(제공)2304_06_산업분류별-법정동별 전력데이터.xlsx,1,860
2023-07,True,AVAILABLE,2307_09산업분류별-법정동별 전력사용량.xlsx,2307_09산업분류별-법정동별 전력사용량.xlsx,1,859
2023-08,True,AVAILABLE,2307_09산업분류별-법정동별 전력사용량.xlsx,2307_09산업분류별-법정동별 전력사용량.xlsx,1,861
2023-09,True,AVAILABLE,2307_09산업분류별-법정동별 전력사용량.xlsx,2307_09산업분류별-법정동별 전력사용량.xlsx,1,860
2023-10,True,AVAILABLE,(제공)2310_12_산업분류별-법정동별 전력데이터.xlsx,(제공)2310_12_산업분류별-법정동별 전력데이터.xlsx,1,862
2023-11,True,AVAILABLE,(제공)2310_12_산업분류별-법정동별 전력데이터.xlsx,(제공)2310_12_산업분류별-법정동별 전력데이터.xlsx,1,862
2023-12,True,AVAILABLE,(제공)2310_12_산업분류별-법정동별 전력데이터.xlsx,(제공)2310_12_산업분류별-법정동별 전력데이터.xlsx,1,866
2024-01,True,AVAILABLE,(제공)2401_03_산업분류별-법정동별 전력데이터.xlsx,(제공)2401_03_산업분류별-법정동별 전력데이터.xlsx,1,869
2024-02,True,AVAILABLE,(제공)2401_03_산업분류별-법정동별 전력데이터.xlsx,(제공)2401_03_산업분류별-법정동별 전력데이터.xlsx,1,868
2024-03,True,AVAILABLE,(제공)2401_03_산업분류별-법정동별 전력데이터.xlsx,(제공)2401_03_산업분류별-법정동별 전력데이터.xlsx,1,869
2024-04,True,AVAILABLE,(제공)2404_06_산업분류별-법정동별 전력데이터.xlsx,(제공)2404_06_산업분류별-법정동별 전력데이터.xlsx,1,869
2024-05,True,AVAILABLE,(제공)2404_06_산업분류별-법정동별 전력데이터.xlsx,(제공)2404_06_산업분류별-법정동별 전력데이터.xlsx,1,869
2024-06,True,AVAILABLE,(제공)2404_06_산업분류별-법정동별 전력데이터.xlsx,(제공)2404_06_산업분류별-법정동별 전력데이터.xlsx,1,870
2024-07,True,AVAILABLE,(제공)2407_09_산업분류별-법정동별 전력데이터.xlsx,(제공)2407_09_산업분류별-법정동별 전력데이터.xlsx,1,874
2024-08,True,AVAILABLE,(제공)2407_09_산업분류별-법정동별 전력데이터.xlsx,(제공)2407_09_산업분류별-법정동별 전력데이터.xlsx,1,874
2024-09,True,AVAILABLE,(제공)2407_09_산업분류별-법정동별 전력데이터.xlsx,(제공)2407_09_산업분류별-법정동별 전력데이터.xlsx,1,872
2024-10,True,AVAILABLE,(제공)2410_12_산업분류별-법정동별 전력데이터.xlsx,(제공)2410_12_산업분류별-법정동별 전력데이터.xlsx,1,871
2024-11,True,AVAILABLE,(제공)2410_12_산업분류별-법정동별 전력데이터.xlsx,(제공)2410_12_산업분류별-법정동별 전력데이터.xlsx,1,871
2024-12,True,AVAILABLE,(제공)2410_12_산업분류별-법정동별 전력데이터.xlsx,(제공)2410_12_산업분류별-법정동별 전력데이터.xlsx,1,871
2025-01,True,AVAILABLE,(제공) 2501_03_산업분류별-법정동별 전력데이터.xlsx,(제공) 2501_03_산업분류별-법정동별 전력데이터.xlsx,1,872
2025-02,True,AVAILABLE,(제공) 2501_03_산업분류별-법정동별 전력데이터.xlsx,(제공) 2501_03_산업분류별-법정동별 전력데이터.xlsx,1,874
2025-03,True,AVAILABLE,(제공) 2501_03_산업분류별-법정동별 전력데이터.xlsx,(제공) 2501_03_산업분류별-법정동별 전력데이터.xlsx,1,873
2025-04,True,AVAILABLE,(제공) 2504_06_산업분류별-법정동별 전력데이터.xlsx,(제공) 2504_06_산업분류별-법정동별 전력데이터.xlsx,1,874
2025-05,True,AVAILABLE,(제공) 2504_06_산업분류별-법정동별 전력데이터.xlsx,(제공) 2504_06_산업분류별-법정동별 전력데이터.xlsx,1,875
2025-06,True,AVAILABLE,(제공) 2504_06_산업분류별-법정동별 전력데이터.xlsx,(제공) 2504_06_산업분류별-법정동별 전력데이터.xlsx,1,876
2025-07,True,AVAILABLE,(제공) 2507_09_산업분류별-법정동별 전력데이터.xlsx,(제공) 2507_09_산업분류별-법정동별 전력데이터.xlsx,1,876
2025-08,True,AVAILABLE,(제공) 2507_09_산업분류별-법정동별 전력데이터.xlsx,(제공) 2507_09_산업분류별-법정동별 전력데이터.xlsx,1,875
2025-09,True,AVAILABLE,(제공) 2507_09_산업분류별-법정동별 전력데이터.xlsx,(제공) 2507_09_산업분류별-법정동별 전력데이터.xlsx,1,875
2025-10,True,AVAILABLE,(제공) 2510_12_산업분류별-법정동별 전력데이터.xlsx,(제공) 2510_12_산업분류별-법정동별 전력데이터.xlsx,1,875
2025-11,True,AVAILABLE,(제공) 2510_12_산업분류별-법정동별 전력데이터.xlsx,(제공) 2510_12_산업분류별-법정동별 전력데이터.xlsx,1,875
2025-12,True,AVAILABLE,(제공) 2510_12_산업분류별-법정동별 전력데이터.xlsx,(제공) 2510_12_산업분류별-법정동별 전력데이터.xlsx,1,874
2026-01,True,DUPLICATE_RESOLVED,(제공) 2601_03 산업분류-법정동별 전력데이터.xlsx|kepco_2026_01_03_industry_legal_dong.xlsx,kepco_2026_01_03_industry_legal_dong.xlsx,2,872
2026-02,True,DUPLICATE_RESOLVED,(제공) 2601_03 산업분류-법정동별 전력데이터.xlsx|kepco_2026_01_03_industry_legal_dong.xlsx,kepco_2026_01_03_industry_legal_dong.xlsx,2,873
2026-03,True,DUPLICATE_RESOLVED,(제공) 2601_03 산업분류-법정동별 전력데이터.xlsx|kepco_2026_01_03_industry_legal_dong.xlsx,kepco_2026_01_03_industry_legal_dong.xlsx,2,874
