industry,quarter,nominal_production_yoy,production,production_masked,grade,ppi_level,component_id,ppi_item,ppi_index,ppi_index_yoy_pct,ppi_index_complete_quarter,ppi_adjusted_production_yoy,ppi_mapping_grade,ppi_mapping_uncertainty,ppi_index_incomplete_quarter
기계,2022Q1,14.944670997758426,45395.66533,0,A,lv3,,기계및장비,104.423333,4.590678,True,9.899537124865398,A,대분류 직접 대응,-2
기타,2022Q1,-11.160152281717316,161.92000001,0,,,,,,,,,D,대응 항목 없음 — 조정 생산 산출 불가,-1
목재종이,2022Q1,10.391674306608278,135.06666666,0,A,lv3,,목재및종이제품,119.43,15.017174,True,-4.021573068202599,A,대분류 직접 대응,-2
비금속,2022Q1,10.909265206346165,115.695,0,A,lv3,,비금속광물제품,110.626667,9.639907,True,1.157751991112299,A,대분류 직접 대응,-2
석유화학,2022Q1,23.22778977954787,517.0966667,0,C,lv3,c1,화학제품,122.956667,15.62598,True,6.57448246453598,C,복수 후보만 존재 — 가중치 근거 없음. 밴드로만 해석,-2
석유화학,2022Q1,23.22778977954787,517.0966667,0,C,lv3,c2,석탄및석유제품,199.646667,63.555434,True,-24.656866014278766,C,복수 후보만 존재 — 가중치 근거 없음. 밴드로만 해석,-2
섬유의복,2022Q1,100.0,1.5,0,A,lv4,,섬유및의복,107.613333,7.35568,True,86.29661700247253,A,대분류 직접 대응,-2
운송장비,2022Q1,4.797502469899695,26878.613143,0,A,lv3,,운송장비,102.53,1.847621,True,2.896367574358649,A,대분류 직접 대응,-2
음식료,2022Q1,3.9010176177881375,1158.86,0,A,lv3,,음식료품,108.413333,5.631699,True,-1.6384110059726176,A,대분류 직접 대응,-2
전기전자,2022Q1,25.655306065332702,31403.87944,0,C,lv3,c1,전기장비,110.23,7.72363,True,16.646000571399888,C,복수 후보만 존재 — 가중치 근거 없음. 밴드로만 해석,-2
전기전자,2022Q1,25.655306065332702,31403.87944,0,C,lv3,c2,컴퓨터전자및광학기기,101.356667,0.889213,True,24.54781074100827,C,복수 후보만 존재 — 가중치 근거 없음. 밴드로만 해석,-2
철강,2022Q1,32.270527263022885,18189.790001,0,B,lv4,,철강1차제품,147.056667,36.020842,True,-2.7571618303738443,B,상위 범주가 넓어 범위 과대·과소 가능,-2
기계,2022Q2,7.70877717312255,46598.71267,0,A,lv3,,기계및장비,105.783333,5.603807,True,1.9932711072836007,A,대분류 직접 대응,-2
기타,2022Q2,-20.41127034589721,130.69000001,0,,,,,,,,,D,대응 항목 없음 — 조정 생산 산출 불가,-1
목재종이,2022Q2,14.229695034439294,134.97,0,A,lv3,,목재및종이제품,121.983333,9.565868,True,4.256642255085574,A,대분류 직접 대응,-2
비금속,2022Q2,5.278299896428695,137.225,0,A,lv3,,비금속광물제품,116.513333,12.493563,True,-6.4139341942358925,A,대분류 직접 대응,-2
석유화학,2022Q2,33.09172156190328,683.0533334,0,C,lv3,c1,화학제품,130.773333,15.31701,True,15.413781160215013,C,복수 후보만 존재 — 가중치 근거 없음. 밴드로만 해석,-2
석유화학,2022Q2,33.09172156190328,683.0533334,0,C,lv3,c2,석탄및석유제품,248.716667,81.992244,True,-26.869563978834577,C,복수 후보만 존재 — 가중치 근거 없음. 밴드로만 해석,-2
섬유의복,2022Q2,220.00000000000009,2.4000000000000004,0,A,lv4,,섬유및의복,110.283333,8.482523,True,194.9783902057662,A,대분류 직접 대응,-2
운송장비,2022Q2,6.588441837118797,27717.628937,0,A,lv3,,운송장비,102.883333,1.807567,True,4.695991641877462,A,대분류 직접 대응,-2
음식료,2022Q2,4.56620557350389,1246.41,0,A,lv3,,음식료품,112.093333,8.083438,True,-3.2541825940956004,A,대분류 직접 대응,-2
전기전자,2022Q2,19.06658814361053,30777.93363,0,C,lv3,c1,전기장비,112.213333,6.558622,True,11.738108009327064,C,복수 후보만 존재 — 가중치 근거 없음. 밴드로만 해석,-2
전기전자,2022Q2,19.06658814361053,30777.93363,0,C,lv3,c2,컴퓨터전자및광학기기,100.66,-2.715763,True,22.390421938150705,C,복수 후보만 존재 — 가중치 근거 없음. 밴드로만 해석,-2
철강,2022Q2,26.842212567625488,20095.32,0,B,lv4,,철강1차제품,158.686667,30.21691,True,-2.591596922684236,B,상위 범주가 넓어 범위 과대·과소 가능,-2
기계,2022Q3,9.803121847841489,45784.71976,0,A,lv3,,기계및장비,107.476667,5.902253,True,3.6834616236554263,A,대분류 직접 대응,-2
기타,2022Q3,-13.014523864136596,132.36000001,0,,,,,,,,,D,대응 항목 없음 — 조정 생산 산출 불가,-1
목재종이,2022Q3,8.598726106527387,137.53666666,0,A,lv3,,목재및종이제품,123.153333,7.811725,True,0.7299772882099598,A,대분류 직접 대응,-2
비금속,2022Q3,33.69884553316507,161.555,0,A,lv3,,비금속광물제품,121.183333,15.508038,True,15.74852092385559,A,대분류 직접 대응,-2
석유화학,2022Q3,21.39101631360414,657.2433333,0,C,lv3,c1,화학제품,128.4,11.162415,True,9.201492531089883,C,복수 후보만 존재 — 가중치 근거 없음. 밴드로만 해석,-2
석유화학,2022Q3,21.39101631360414,657.2433333,0,C,lv3,c2,석탄및석유제품,235.113333,55.122059,True,-21.744839453424134,C,복수 후보만 존재 — 가중치 근거 없음. 밴드로만 해석,-2
섬유의복,2022Q3,296.00000000000006,2.97,0,A,lv4,,섬유및의복,111.496667,8.431665,True,265.2069715981951,A,대분류 직접 대응,-2
운송장비,2022Q3,9.322909729250297,28600.85946,0,A,lv3,,운송장비,103.9,2.384706,True,6.776601701869711,A,대분류 직접 대응,-2
음식료,2022Q3,13.86510743606637,1292.09,0,A,lv3,,음식료품,115.946667,10.124739,True,3.3964833606247025,A,대분류 직접 대응,-2
전기전자,2022Q3,13.792097021529548,30343.6995,0,C,lv3,c1,전기장비,112.92,6.588635,True,6.758189577650131,C,복수 후보만 존재 — 가중치 근거 없음. 밴드로만 해석,-2
전기전자,2022Q3,13.792097021529548,30343.6995,0,C,lv3,c2,컴퓨터전자및광학기기,100.2,-3.465108,True,17.876650259814397,C,복수 후보만 존재 — 가중치 근거 없음. 밴드로만 해석,-2
철강,2022Q3,9.160978567067946,17584.4,0,B,lv4,,철강1차제품,151.693333,10.491174,True,-1.203892930789252,B,상위 범주가 넓어 범위 과대·과소 가능,-2
기계,2022Q4,-8.447120157116705,43131.31384666667,0,A,lv3,,기계및장비,107.536667,4.222395,True,-12.156231064462386,A,대분류 직접 대응,-2
기타,2022Q4,-38.65204843850605,97.7825,0,,,,,,,,,D,대응 항목 없음 — 조정 생산 산출 불가,-1
목재종이,2022Q4,-49.854039744705545,69.14124999999999,0,A,lv3,,목재및종이제품,123.956667,6.684454,True,-52.99600047135784,A,대분류 직접 대응,-2
비금속,2022Q4,14.37809958341596,144.14499999999998,0,A,lv3,,비금속광물제품,123.586667,14.939393,True,-0.48833859474448627,A,대분류 직접 대응,-2
석유화학,2022Q4,42.66686889180007,885.7425,0,C,lv3,c1,화학제품,125.17,4.999581,True,35.87375066934797,C,복수 후보만 존재 — 가중치 근거 없음. 밴드로만 해석,-2
석유화학,2022Q4,42.66686889180007,885.7425,0,C,lv3,c2,석탄및석유제품,220.733333,27.324117,True,12.050153775502004,C,복수 후보만 존재 — 가중치 근거 없음. 밴드로만 해석,-2
섬유의복,2022Q4,698.1666666666666,11.9725,0,A,lv4,,섬유및의복,113.52,7.980595,True,639.1760220127206,A,대분류 직접 대응,-2
운송장비,2022Q4,39.99013394114541,38041.10960633333,0,A,lv3,,운송장비,104.546667,2.782238,True,36.200706138686556,A,대분류 직접 대응,-2
음식료,2022Q4,33.32604186139836,1584.72,0,A,lv3,,음식료품,118.206667,11.582392,True,19.486631780933994,A,대분류 직접 대응,-2
전기전자,2022Q4,-7.753161436961752,26050.990760750003,0,C,lv3,c1,전기장비,115.123333,7.131336,True,-13.893691605751801,C,복수 후보만 존재 — 가중치 근거 없음. 밴드로만 해석,-2
전기전자,2022Q4,-7.753161436961752,26050.990760750003,0,C,lv3,c2,컴퓨터전자및광학기기,98.79,-3.453106,True,-4.4538516557164005,C,복수 후보만 존재 — 가중치 근거 없음. 밴드로만 해석,-2
철강,2022Q4,-15.233822216149884,15341.4745,0,B,lv4,,철강1차제품,147.12,0.900736,True,-15.99052579373642,B,상위 범주가 넓어 범위 과대·과소 가능,-2
기계,2023Q1,-3.5522026508665205,43783.11930276925,0,A,lv3,,기계및장비,108.173333,3.591151,True,-6.89571800478066,A,대분류 직접 대응,-2
기타,2023Q1,-52.11678607015089,77.53250000000001,0,,,,,,,,,D,대응 항목 없음 — 조정 생산 산출 불가,-1
목재종이,2023Q1,-49.38055281092698,68.37,0,A,lv3,,목재및종이제품,123.36,3.29063,True,-50.9931857429149,A,대분류 직접 대응,-2
비금속,2023Q1,31.799127014996344,152.485,0,A,lv3,,비금속광물제품,126.27,14.140653,True,15.470801638918562,A,대분류 직접 대응,-2
석유화학,2023Q1,68.6169252577779,871.9124999999999,0,C,lv3,c1,화학제품,124.406667,1.179277,True,66.65164078784423,C,복수 후보만 존재 — 가중치 근거 없음. 밴드로만 해석,-2
석유화학,2023Q1,68.6169252577779,871.9124999999999,0,C,lv3,c2,석탄및석유제품,194.72,-2.467693,True,72.88315066491546,C,복수 후보만 존재 — 가중치 근거 없음. 밴드로만 해석,-2
섬유의복,2023Q1,373.66666666666674,7.105,0,A,lv4,,섬유및의복,114.696667,6.582208,True,344.4143873118736,A,대분류 직접 대응,-2
운송장비,2023Q1,34.689526092846926,36202.67666263637,0,A,lv3,,운송장비,104.713333,2.129458,True,31.88117192675881,A,대분류 직접 대응,-2
음식료,2023Q1,34.716876930776806,1561.18,0,A,lv3,,음식료품,119.483333,10.210921,True,22.235505981096736,A,대분류 직접 대응,-2
전기전자,2023Q1,3.621137158938215,32541.05698775,0,C,lv3,c1,전기장비,117.646667,6.728356,True,-2.9113339299087215,C,복수 후보만 존재 — 가중치 근거 없음. 밴드로만 해석,-2
전기전자,2023Q1,3.621137158938215,32541.05698775,0,C,lv3,c2,컴퓨터전자및광학기기,95.553333,-5.725655,True,9.91445992962159,C,복수 후보만 존재 — 가중치 근거 없음. 밴드로만 해석,-2
철강,2023Q1,-11.352948554581854,16124.712499999998,0,B,lv4,,철강1차제품,145.413333,-1.117483,True,-10.351137759349161,B,상위 범주가 넓어 범위 과대·과소 가능,-2
기계,2023Q2,0.3889388995355292,46779.95319025642,0,A,lv3,,기계및장비,108.696667,2.754057,True,-2.3017272208186057,A,대분류 직접 대응,-2
기타,2023Q2,-39.718035049375,78.78250000000001,0,,,,,,,,,D,대응 항목 없음 — 조정 생산 산출 불가,-1
목재종이,2023Q2,-52.43016966733348,64.205,0,A,lv3,,목재및종이제품,122.436667,0.371635,True,-52.60630123972124,A,대분류 직접 대응,-2
비금속,2023Q2,24.113681909273097,170.315,0,A,lv3,,비금속광물제품,127.9,9.772844,True,13.064103458295296,A,대분류 직접 대응,-2
석유화학,2023Q2,45.18449021597293,991.6875,0,C,lv3,c1,화학제품,123.893333,-5.261011,True,53.246822399564486,C,복수 후보만 존재 — 가중치 근거 없음. 밴드로만 해석,-2
석유화학,2023Q2,45.18449021597293,991.6875,0,C,lv3,c2,석탄및석유제품,180.94,-27.250553,True,99.56782656502246,C,복수 후보만 존재 — 가중치 근거 없음. 밴드로만 해석,-2
섬유의복,2023Q2,273.95833333333326,8.975,0,A,lv4,,섬유및의복,115.886667,5.080852,True,255.8767617656291,A,대분류 직접 대응,-2
운송장비,2023Q2,44.506837458582574,40053.86899536364,0,A,lv3,,운송장비,104.606667,1.675036,True,42.126172897133344,A,대분류 직접 대응,-2
음식료,2023Q2,22.16846783963542,1522.72,0,A,lv3,,음식료품,120.183333,7.2172,True,13.944840790130165,A,대분류 직접 대응,-2
전기전자,2023Q2,7.759641743531831,33166.19101575,0,C,lv3,c1,전기장비,118.143333,5.284577,True,2.3508331552985373,C,복수 후보만 존재 — 가중치 근거 없음. 밴드로만 해석,-2
전기전자,2023Q2,7.759641743531831,33166.19101575,0,C,lv3,c2,컴퓨터전자및광학기기,94.74,-5.881184,True,14.493197346991504,C,복수 후보만 존재 — 가중치 근거 없음. 밴드로만 해석,-2
철강,2023Q2,-13.494612178357956,17383.534499999998,0,B,lv4,,철강1차제품,145.73,-8.164937,True,-5.803529724107614,B,상위 범주가 넓어 범위 과대·과소 가능,-2
기계,2023Q3,-2.0222097805846277,44858.85667900002,0,A,lv3,,기계및장비,109.006667,1.423565,True,-3.3974104347294753,A,대분류 직접 대응,-2
기타,2023Q3,-41.42301299928807,77.53250000000001,0,,,,,,,,,D,대응 항목 없음 — 조정 생산 산출 불가,-1
목재종이,2023Q3,-45.749012381946585,74.61500000000001,0,A,lv3,,목재및종이제품,121.41,-1.415579,True,-44.97001953477678,A,대분류 직접 대응,-2
비금속,2023Q3,-6.753118133143532,150.64499999999998,0,A,lv3,,비금속광물제품,128.83,6.309999,True,-12.287759623761762,A,대분류 직접 대응,-2
석유화학,2023Q3,52.25144924265754,1000.6625,0,C,lv3,c1,화학제품,122.25,-4.78972,True,59.91072523120145,C,복수 후보만 존재 — 가중치 근거 없음. 밴드로만 해석,-2
석유화학,2023Q3,52.25144924265754,1000.6625,0,C,lv3,c2,석탄및석유제품,195.233333,-16.962032,True,83.35160759552491,C,복수 후보만 존재 — 가중치 근거 없음. 밴드로만 해석,-2
섬유의복,2023Q3,166.49831649831648,7.915,0,A,lv4,,섬유및의복,115.86,3.91342,True,156.46188576828334,A,대분류 직접 대응,-2
운송장비,2023Q3,36.63975187186082,39080.14339936363,0,A,lv3,,운송장비,105.256667,1.305743,True,34.87858420016803,A,대분류 직접 대응,-2
음식료,2023Q3,17.93837890549419,1523.87,0,A,lv3,,음식료품,120.903333,4.274954,True,13.103266298726158,A,대분류 직접 대응,-2
전기전자,2023Q3,13.393470030739008,34407.77379875,0,C,lv3,c1,전기장비,119.55,5.871413,True,7.104899063488457,C,복수 후보만 존재 — 가중치 근거 없음. 밴드로만 해석,-2
전기전자,2023Q3,13.393470030739008,34407.77379875,0,C,lv3,c2,컴퓨터전자및광학기기,94.43,-5.758483,True,20.322203674564165,C,복수 후보만 존재 — 가중치 근거 없음. 밴드로만 해석,-2
철강,2023Q3,-9.898771069811884,15843.7605,0,B,lv4,,철강1차제품,142.363333,-6.150567,True,-3.9938483909773725,B,상위 범주가 넓어 범위 과대·과소 가능,-2
기계,2023Q4,,,1,A,lv3,,기계및장비,109.15,1.500263,True,,A,대분류 직접 대응,-2
기타,2023Q4,,,1,,,,,,,,,D,대응 항목 없음 — 조정 생산 산출 불가,-1
목재종이,2023Q4,,,1,A,lv3,,목재및종이제품,120.343333,-2.914997,True,,A,대분류 직접 대응,-2
비금속,2023Q4,,,1,A,lv3,,비금속광물제품,129.436667,4.73352,True,,A,대분류 직접 대응,-2
석유화학,2023Q4,,,1,C,lv3,c1,화학제품,123.333333,-1.467338,True,,C,복수 후보만 존재 — 가중치 근거 없음. 밴드로만 해석,-2
석유화학,2023Q4,,,1,C,lv3,c2,석탄및석유제품,197.576667,-10.490788,True,,C,복수 후보만 존재 — 가중치 근거 없음. 밴드로만 해석,-2
섬유의복,2023Q4,,,1,A,lv4,,섬유및의복,116.373333,2.513507,True,,A,대분류 직접 대응,-2
운송장비,2023Q4,,,1,A,lv3,,운송장비,106.506667,1.874761,True,,A,대분류 직접 대응,-2
음식료,2023Q4,,,1,A,lv3,,음식료품,121.086667,2.436411,True,,A,대분류 직접 대응,-2
전기전자,2023Q4,,,1,C,lv3,c1,전기장비,121.436667,5.483974,True,,C,복수 후보만 존재 — 가중치 근거 없음. 밴드로만 해석,-2
전기전자,2023Q4,,,1,C,lv3,c2,컴퓨터전자및광학기기,95.32,-3.512501,True,,C,복수 후보만 존재 — 가중치 근거 없음. 밴드로만 해석,-2
철강,2023Q4,,,1,B,lv4,,철강1차제품,138.373333,-5.94526,True,,B,상위 범주가 넓어 범위 과대·과소 가능,-2
기계,2024Q1,15.921483512916002,50754.041424,0,A,lv3,,기계및장비,110.023333,1.710218,True,13.97230857662306,A,대분류 직접 대응,-2
기타,2024Q1,1.2897817044465132,78.53250000000001,0,,,,,,,,,D,대응 항목 없음 — 조정 생산 산출 불가,-1
목재종이,2024Q1,17.251718590024858,80.165,0,A,lv3,,목재및종이제품,120.876667,-2.013078,True,19.660579388364564,A,대분류 직접 대응,-2
비금속,2024Q1,-4.813588221792308,145.145,0,A,lv3,,비금속광물제품,130.2,3.112378,True,-7.68672624521598,A,대분류 직접 대응,-2
석유화학,2024Q1,-3.235416397861024,843.7024999999999,0,C,lv3,c1,화학제품,123.893333,-0.412625,True,-2.8344872006727972,C,복수 후보만 존재 — 가중치 근거 없음. 밴드로만 해석,-2
석유화학,2024Q1,-3.235416397861024,843.7024999999999,0,C,lv3,c2,석탄및석유제품,194.253333,-0.23966,True,-3.0029532756815303,C,복수 후보만 존재 — 가중치 근거 없음. 밴드로만 해석,-2
섬유의복,2024Q1,20.126671358198458,8.535,0,A,lv4,,섬유및의복,116.446667,1.525764,True,18.321366543174666,A,대분류 직접 대응,-2
운송장비,2024Q1,1.4690769019191308,36734.521823363626,0,A,lv3,,운송장비,106.893333,2.081874,True,-0.6002996164440111,A,대분류 직접 대응,-2
음식료,2024Q1,-1.2868471284541272,1541.09,0,A,lv3,,음식료품,121.08,1.336309,True,-2.5885649026886504,A,대분류 직접 대응,-2
전기전자,2024Q1,9.120228384459782,35508.87570375001,0,C,lv3,c1,전기장비,122.383333,4.02618,True,4.896890748520999,C,복수 후보만 존재 — 가중치 근거 없음. 밴드로만 해석,-2
전기전자,2024Q1,9.120228384459782,35508.87570375001,0,C,lv3,c2,컴퓨터전자및광학기기,96.153333,0.627922,True,8.439314074735439,C,복수 후보만 존재 — 가중치 근거 없음. 밴드로만 해석,-2
철강,2024Q1,-8.790854410582504,14707.2125,0,B,lv4,,철강1차제품,135.306667,-6.950303,True,-1.978030525540031,B,상위 범주가 넓어 범위 과대·과소 가능,-2
기계,2024Q2,17.514539895264726,54973.24675475004,0,A,lv3,,기계및장비,110.35,1.521052,True,15.753863440328363,A,대분류 직접 대응,-2
기타,2024Q2,1.7495425168448708,80.16083333333333,0,,,,,,,,,D,대응 항목 없음 — 조정 생산 산출 불가,-1
목재종이,2024Q2,25.96370999143369,80.875,0,A,lv3,,목재및종이제품,121.213333,-0.999156,True,27.234985988032268,A,대분류 직접 대응,-2
비금속,2024Q2,5.419369990899203,179.545,0,A,lv3,,비금속광물제품,129.673333,1.3865,True,3.9777189180997485,A,대분류 직접 대응,-2
석유화학,2024Q2,-9.047036826957443,901.9691666666664,0,C,lv3,c1,화학제품,125.57,1.353315,True,-10.261481656478077,C,복수 후보만 존재 — 가중치 근거 없음. 밴드로만 해석,-2
석유화학,2024Q2,-9.047036826957443,901.9691666666664,0,C,lv3,c2,석탄및석유제품,195.876667,8.255039,True,-15.982697883428266,C,복수 후보만 존재 — 가중치 근거 없음. 밴드로만 해석,-2
섬유의복,2024Q2,-6.908077994428963,8.355,0,A,lv4,,섬유및의복,116.64,0.65006,True,-7.509322890049908,A,대분류 직접 대응,-2
운송장비,2024Q2,-1.0242605255896708,39643.61302627273,0,A,lv3,,운송장비,107.08,2.364413,True,-3.3104019514962446,A,대분류 직접 대응,-2
음식료,2024Q2,5.6871913418093945,1609.32,0,A,lv3,,음식료품,121.45,1.053945,True,4.584923767013138,A,대분류 직접 대응,-2
전기전자,2024Q2,5.154444166314365,34875.72381375001,0,C,lv3,c1,전기장비,125.613333,6.322828,True,-1.0989021413967959,C,복수 후보만 존재 — 가중치 근거 없음. 밴드로만 해석,-2
전기전자,2024Q2,5.154444166314365,34875.72381375001,0,C,lv3,c2,컴퓨터전자및광학기기,97.86,3.293224,True,1.8018802146347657,C,복수 후보만 존재 — 가중치 근거 없음. 밴드로만 해석,-2
철강,2024Q2,-12.388044560212986,15230.0545,0,B,lv4,,철강1차제품,135.19,-7.232553,True,-5.557436069371391,B,상위 범주가 넓어 범위 과대·과소 가능,-2
기계,2024Q3,21.87587197768224,54672.122736750025,0,A,lv3,,기계및장비,110.853333,1.694086,True,19.845584705567077,A,대분류 직접 대응,-2
기타,2024Q3,2.424789604359434,79.4125,0,,,,,,,,,D,대응 항목 없음 — 조정 생산 산출 불가,-1
목재종이,2024Q3,4.576827715606768,78.03,0,A,lv3,,목재및종이제품,122.806667,1.150372,True,3.3874870134998236,A,대분류 직접 대응,-2
비금속,2024Q3,-9.465963025656343,136.385,0,A,lv3,,비금속광물제품,129.136667,0.23804,True,-9.680958472109335,A,대분류 직접 대응,-2
석유화학,2024Q3,-15.80477933369142,842.5100000000001,0,C,lv3,c1,화학제품,124.336667,1.706885,True,-17.217776686102837,C,복수 후보만 존재 — 가중치 근거 없음. 밴드로만 해석,-2
석유화학,2024Q3,-15.80477933369142,842.5100000000001,0,C,lv3,c2,석탄및석유제품,189.703333,-2.832508,True,-13.350423137083157,C,복수 후보만 존재 — 가중치 근거 없음. 밴드로만 해석,-2
섬유의복,2024Q3,40.17687934301959,11.095,0,A,lv4,,섬유및의복,116.183333,0.279072,True,39.78677359820362,A,대분류 직접 대응,-2
운송장비,2024Q3,5.919587772828883,41393.52678963636,0,A,lv3,,운송장비,107.526667,2.156633,True,3.6835148754646996,A,대분류 직접 대응,-2
음식료,2024Q3,7.54395059946058,1638.83,0,A,lv3,,음식료품,121.923333,0.843649,True,6.644247472104636,A,대분류 직접 대응,-2
전기전자,2024Q3,-2.424309700705773,33573.62280075,0,C,lv3,c1,전기장비,124.466667,4.112645,True,-6.278732713692714,C,복수 후보만 존재 — 가중치 근거 없음. 밴드로만 해석,-2
전기전자,2024Q3,-2.424309700705773,33573.62280075,0,C,lv3,c2,컴퓨터전자및광학기기,97.996667,3.777048,True,-5.97565436695191,C,복수 후보만 존재 — 가중치 근거 없음. 밴드로만 해석,-2
철강,2024Q3,-12.759066889454685,13822.2445,0,B,lv4,,철강1차제품,134.436667,-5.567913,True,-7.615159336100119,B,상위 범주가 넓어 범위 과대·과소 가능,-2
기계,2024Q4,,52778.54172229284,0,A,lv3,,기계및장비,110.93,1.630783,True,,A,대분류 직접 대응,-2
기타,2024Q4,,79.58953333333334,0,,,,,,,,,D,대응 항목 없음 — 조정 생산 산출 불가,-1
목재종이,2024Q4,,62.71,0,A,lv3,,목재및종이제품,124.263333,3.257347,True,,A,대분류 직접 대응,-2
비금속,2024Q4,,101.475,0,A,lv3,,비금속광물제품,129.073333,-0.280704,True,,A,대분류 직접 대응,-2
석유화학,2024Q4,,719.2716666666668,0,C,lv3,c1,화학제품,122.93,-0.327027,True,,C,복수 후보만 존재 — 가중치 근거 없음. 밴드로만 해석,-2
석유화학,2024Q4,,719.2716666666668,0,C,lv3,c2,석탄및석유제품,186.78,-5.464545,True,,C,복수 후보만 존재 — 가중치 근거 없음. 밴드로만 해석,-2
섬유의복,2024Q4,,9.9792,0,A,lv4,,섬유및의복,116.41,0.031508,True,,A,대분류 직접 대응,-2
운송장비,2024Q4,,53588.47858727274,0,A,lv3,,운송장비,107.983333,1.386455,True,,A,대분류 직접 대응,-2
음식료,2024Q4,,1582.54,0,A,lv3,,음식료품,122.4,1.084623,True,,A,대분류 직접 대응,-2
전기전자,2024Q4,,34606.54549375001,0,C,lv3,c1,전기장비,124.99,2.926079,True,,C,복수 후보만 존재 — 가중치 근거 없음. 밴드로만 해석,-2
전기전자,2024Q4,,34606.54549375001,0,C,lv3,c2,컴퓨터전자및광학기기,97.296667,2.073717,True,,C,복수 후보만 존재 — 가중치 근거 없음. 밴드로만 해석,-2
철강,2024Q4,,14687.109940000002,0,B,lv4,,철강1차제품,130.886667,-5.410484,True,,B,상위 범주가 넓어 범위 과대·과소 가능,-2
기계,2025Q1,15.94577716701846,58847.16777272728,0,A,lv3,,기계및장비,111.323333,1.181568,True,14.591797161137542,A,대분류 직접 대응,-2
기타,2025Q1,3.3712157387068897,81.18,0,,,,,,,,,D,대응 항목 없음 — 조정 생산 산출 불가,-1
목재종이,2025Q1,129.15237323021267,183.7,0,A,lv3,,목재및종이제품,123.513333,2.181287,True,124.26060578999429,A,대분류 직접 대응,-2
비금속,2025Q1,-32.3159599021668,98.24,0,A,lv3,,비금속광물제품,128.81,-1.067588,True,-31.585575718265922,A,대분류 직접 대응,-2
석유화학,2025Q1,-43.3165126333038,478.24,0,C,lv3,c1,화학제품,124.453333,0.452002,True,-43.57157026427786,C,복수 후보만 존재 — 가중치 근거 없음. 밴드로만 해석,-2
석유화학,2025Q1,-43.3165126333038,478.24,0,C,lv3,c2,석탄및석유제품,195.83,0.811655,True,-43.77288284108004,C,복수 후보만 존재 — 가중치 근거 없음. 밴드로만 해석,-2
섬유의복,2025Q1,-4.896309314586988,8.1171,0,A,lv4,,섬유및의복,116.096667,-0.300567,True,-4.609597242731556,A,대분류 직접 대응,-2
운송장비,2025Q1,6.304594063666169,39050.48430555556,0,A,lv3,,운송장비,108.266667,1.28477,True,4.956148948816463,A,대분류 직접 대응,-2
음식료,2025Q1,-12.937596117034044,1341.71,0,A,lv3,,음식료품,123.28,1.816981,True,-14.491273432114482,A,대분류 직접 대응,-2
전기전자,2025Q1,4.325631703897304,37044.858888888906,0,C,lv3,c1,전기장비,126.24,3.151301,True,1.1384545735368734,C,복수 후보만 존재 — 가중치 근거 없음. 밴드로만 해석,-2
전기전자,2025Q1,4.325631703897304,37044.858888888906,0,C,lv3,c2,컴퓨터전자및광학기기,98.03,1.951744,True,2.328442467739733,C,복수 후보만 존재 — 가중치 근거 없음. 밴드로만 해석,-2
철강,2025Q1,-11.307054276940642,13044.26,0,B,lv4,,철강1차제품,131.57,-2.761628,True,-8.788121500985879,B,상위 범주가 넓어 범위 과대·과소 가능,-2
기계,2025Q2,21.41755812200161,66747.17383,0,A,lv3,,기계및장비,111.783333,1.298897,True,19.860691199827762,A,대분류 직접 대응,-2
기타,2025Q2,2.4066200243261004,82.09,0,,,,,,,,,D,대응 항목 없음 — 조정 생산 산출 불가,-1
목재종이,2025Q2,135.46213292117466,190.43,0,A,lv3,,목재및종이제품,122.763333,1.278737,True,132.48920740507916,A,대분류 직접 대응,-2
비금속,2025Q2,-37.9264251301902,111.45,0,A,lv3,,비금속광물제품,128.56,-0.858568,True,-37.388865968962605,A,대분류 직접 대응,-2
석유화학,2025Q2,-50.165702264397424,449.49,0,C,lv3,c1,화학제품,122.576667,-2.383797,True,-48.94874395431814,C,복수 후보만 존재 — 가중치 근거 없음. 밴드로만 해석,-2
석유화학,2025Q2,-50.165702264397424,449.49,0,C,lv3,c2,석탄및석유제품,178.05,-9.100965,True,-45.17620815710247,C,복수 후보만 존재 — 가중치 근거 없음. 밴드로만 해석,-2
섬유의복,2025Q2,-2.847396768402155,8.1171,0,A,lv4,,섬유및의복,116.08,-0.48011,True,-2.378707179441375,A,대분류 직접 대응,-2
운송장비,2025Q2,-1.1127267990946987,39202.48792,0,A,lv3,,운송장비,108.316667,1.1549,True,-2.241736978727382,A,대분류 직접 대응,-2
음식료,2025Q2,-18.541992891407546,1310.92,0,A,lv3,,음식료품,124.67,2.651297,True,-20.645905615208683,A,대분류 직접 대응,-2
전기전자,2025Q2,-3.498117545216406,33655.73,0,C,lv3,c1,전기장비,125.593333,-0.015922,True,-3.4827500686823387,C,복수 후보만 존재 — 가중치 근거 없음. 밴드로만 해석,-2
전기전자,2025Q2,-3.498117545216406,33655.73,0,C,lv3,c2,컴퓨터전자및광학기기,97.106667,-0.769807,True,-2.749476205509749,C,복수 후보만 존재 — 가중치 근거 없음. 밴드로만 해석,-2
철강,2025Q2,1.369630686482437,15438.65,0,B,lv4,,철강1차제품,131.61,-2.648125,True,4.127044996804052,B,상위 범주가 넓어 범위 과대·과소 가능,-2
기계,2025Q3,-0.0965560400941645,54619.3335,0,A,lv3,,기계및장비,111.77,0.826918,True,-0.9159002956870888,A,대분류 직접 대응,-2
기타,2025Q3,3.119785927908092,81.89,0,,,,,,,,,D,대응 항목 없음 — 조정 생산 산출 불가,-1
목재종이,2025Q3,129.23234653338457,178.87,0,A,lv3,,목재및종이제품,122.23,-0.469573,True,130.31383813251858,A,대분류 직접 대응,-2
비금속,2025Q3,-46.38706602632253,73.12,0,A,lv3,,비금속광물제품,127.986667,-0.890529,True,-45.905337368133594,A,대분류 직접 대응,-2
석유화학,2025Q3,-44.48493192959134,467.72,0,C,lv3,c1,화학제품,122.29,-1.646068,True,-43.555822383991064,C,복수 후보만 존재 — 가중치 근거 없음. 밴드로만 해석,-2
석유화학,2025Q3,-44.48493192959134,467.72,0,C,lv3,c2,석탄및석유제품,180.0,-5.115004,True,-41.49225861757041,C,복수 후보만 존재 — 가중치 근거 없음. 밴드로만 해석,-2
섬유의복,2025Q3,-26.8400180261379,8.1171,0,A,lv4,,섬유및의복,116.126667,-0.048773,True,-26.804318296300554,A,대분류 직접 대응,-2
운송장비,2025Q3,4.627688865697821,43309.09042,0,A,lv3,,운송장비,109.153333,1.512803,True,3.0684660196978353,A,대분류 직접 대응,-2
음식료,2025Q3,-17.463678355900235,1352.63,0,A,lv3,,음식료품,125.6,3.015556,True,-19.87974938066659,A,대분류 직접 대응,-2
전기전자,2025Q3,-0.5693871998398992,33382.45889,0,C,lv3,c1,전기장비,125.05,0.468666,True,-1.033210891682279,C,복수 후보만 존재 — 가중치 근거 없음. 밴드로만 해석,-2
전기전자,2025Q3,-0.5693871998398992,33382.45889,0,C,lv3,c2,컴퓨터전자및광학기기,97.096667,-0.918399,True,0.3522468315384941,C,복수 후보만 존재 — 가중치 근거 없음. 밴드로만 해석,-2
철강,2025Q3,11.980076752368252,15478.16,0,B,lv4,,철강1차제품,130.84,-2.675361,True,15.05830168285367,B,상위 범주가 넓어 범위 과대·과소 가능,-2
기계,2025Q4,3.707439849329264,54735.27441,0,A,lv3,,기계및장비,112.023333,0.985607,True,2.6952680982837984,A,대분류 직접 대응,-2
기타,2025Q4,5.616902725065187,84.06,0,,,,,,,,,D,대응 항목 없음 — 조정 생산 산출 불가,-1
목재종이,2025Q4,180.21049274437888,175.72,0,A,lv3,,목재및종이제품,122.32,-1.563883,True,184.6622777129444,A,대분류 직접 대응,-2
비금속,2025Q4,31.884700665188493,133.83,0,A,lv3,,비금속광물제품,127.613333,-1.13114,True,33.39356867793204,A,대분류 직접 대응,-2
석유화학,2025Q4,-38.83673994295156,439.93,0,C,lv3,c1,화학제품,123.063333,0.108463,True,-38.903007573846736,C,복수 후보만 존재 — 가중치 근거 없음. 밴드로만 해석,-2
석유화학,2025Q4,-38.83673994295156,439.93,0,C,lv3,c2,석탄및석유제품,183.48,-1.766784,True,-37.73668159551201,C,복수 후보만 존재 — 가중치 근거 없음. 밴드로만 해석,-2
섬유의복,2025Q4,-18.659812409812403,8.1171,0,A,lv4,,섬유및의복,116.49,0.068723,True,-18.715673437555914,A,대분류 직접 대응,-2
운송장비,2025Q4,-13.761383046661424,46213.96278,0,A,lv3,,운송장비,109.393333,1.305757,True,-14.87293564832789,A,대분류 직접 대응,-2
음식료,2025Q4,-15.288713081501893,1340.59,0,A,lv3,,음식료품,125.673333,2.674292,True,-17.49513410961908,A,대분류 직접 대응,-2
전기전자,2025Q4,0.5775755522494652,34806.42444,0,C,lv3,c1,전기장비,128.08,2.472198,True,-1.8489136416792173,C,복수 후보만 존재 — 가중치 근거 없음. 밴드로만 해석,-2
전기전자,2025Q4,0.5775755522494652,34806.42444,0,C,lv3,c2,컴퓨터전자및광학기기,103.006667,5.868649,True,-4.997771765039271,C,복수 후보만 존재 — 가중치 근거 없음. 밴드로만 해석,-2
철강,2025Q4,4.7096403773498,15378.82,0,B,lv4,,철강1차제품,130.57,-0.24194,True,4.9635892852665675,B,상위 범주가 넓어 범위 과대·과소 가능,-2
기계,2026Q1,-9.626244330726308,53182.39562121213,0,A,lv3,,기계및장비,112.393333,0.961164,True,-10.48661476478847,A,대분류 직접 대응,-2
기타,2026Q1,5.395417590539542,85.56,0,,,,,,,,,D,대응 항목 없음 — 조정 생산 산출 불가,-1
목재종이,2026Q1,-14.28960261295591,157.45,0,A,lv3,,목재및종이제품,122.7,-0.658498,True,-13.721460153638422,A,대분류 직접 대응,-2
비금속,2026Q1,40.920195439739416,138.44,0,A,lv3,,비금속광물제품,127.403333,-1.092048,True,42.47610287162695,A,대분류 직접 대응,-2
석유화학,2026Q1,-10.036801605888256,430.24,0,C,lv3,c1,화학제품,128.043333,2.884615,True,-12.55913394426198,C,복수 후보만 존재 — 가중치 근거 없음. 밴드로만 해석,-2
석유화학,2026Q1,-10.036801605888256,430.24,0,C,lv3,c2,석탄및석유제품,199.303333,1.773647,True,-11.604623548459703,C,복수 후보만 존재 — 가중치 근거 없음. 밴드로만 해석,-2
섬유의복,2026Q1,-9.2397531137968,7.367100000000001,0,A,lv4,,섬유및의복,117.363333,1.091045,True,-10.21930094183594,A,대분류 직접 대응,-2
운송장비,2026Q1,20.119787815833988,46907.35888888889,0,A,lv3,,운송장비,109.76,1.37931,True,18.4855053914196,A,대분류 직접 대응,-2
음식료,2026Q1,3.367344657191196,1386.89,0,A,lv3,,음식료품,125.576667,1.862968,True,1.4768631689498601,A,대분류 직접 대응,-2
전기전자,2026Q1,-7.049417233574484,34433.41222222222,0,C,lv3,c1,전기장비,131.443333,4.121779,True,-10.728971729895697,C,복수 후보만 존재 — 가중치 근거 없음. 밴드로만 해석,-2
전기전자,2026Q1,-7.049417233574484,34433.41222222222,0,C,lv3,c2,컴퓨터전자및광학기기,108.77,10.95583,True,-16.227400789642587,C,복수 후보만 존재 — 가중치 근거 없음. 밴드로만 해석,-2
철강,2026Q1,53.82520740923593,20065.36,0,B,lv4,,철강1차제품,132.816667,0.947531,True,52.3813469090551,B,상위 범주가 넓어 범위 과대·과소 가능,-2
기계,2026Q2,-19.547350877543444,53699.86956060604,0,A,lv3,,기계및장비,113.19,1.258387,True,-20.547174899737886,A,대분류 직접 대응,-2
기타,2026Q2,3.033256182238997,84.58,0,,,,,,,,,D,대응 항목 없음 — 조정 생산 산출 불가,-1
목재종이,2026Q2,-12.897127553431709,165.87,0,A,lv3,,목재및종이제품,126.23,2.823862,True,-15.289242445913676,A,대분류 직접 대응,-2
비금속,2026Q2,45.67070435172722,162.35,0,A,lv3,,비금속광물제품,132.95,3.414748,True,40.860667524642835,A,대분류 직접 대응,-2
석유화학,2026Q2,-6.729849384858399,419.24,0,C,lv3,c1,화학제품,146.056667,19.155359,True,-21.723914561709645,C,복수 후보만 존재 — 가중치 근거 없음. 밴드로만 해석,-2
석유화학,2026Q2,-6.729849384858399,419.24,0,C,lv3,c2,석탄및석유제품,304.92,71.255265,True,-45.537352901155124,C,복수 후보만 존재 — 가중치 근거 없음. 밴드로만 해석,-2
섬유의복,2026Q2,-12.319670818395734,7.117100000000001,0,A,lv4,,섬유및의복,119.98,3.359752,True,-15.169756617058972,A,대분류 직접 대응,-2
운송장비,2026Q2,19.64333200865325,46903.16277777778,0,A,lv3,,운송장비,110.536667,2.049546,True,17.240435355443175,A,대분류 직접 대응,-2
음식료,2026Q2,0.8734323986208103,1322.37,0,A,lv3,,음식료품,126.746667,1.665731,True,-0.7793172719912755,A,대분류 직접 대응,-2
전기전자,2026Q2,2.697876409158262,34563.72,0,C,lv3,c1,전기장비,136.006667,8.291311,True,-5.165173954576785,C,복수 후보만 존재 — 가중치 근거 없음. 밴드로만 해석,-2
전기전자,2026Q2,2.697876409158262,34563.72,0,C,lv3,c2,컴퓨터전자및광학기기,117.483333,20.983798,True,-15.114355717979478,C,복수 후보만 존재 — 가중치 근거 없음. 밴드로만 해석,-2
철강,2026Q2,32.648709569813406,20479.17,0,B,lv4,,철강1차제품,139.35,5.881012,True,25.280923429229606,B,상위 범주가 넓어 범위 과대·과소 가능,-2
