wanted_auth_no,kicox_industry,industrial_complex_match_status,priority_industry,posting_activity_status,job_relevance_class,detail_collection_status,detail_needed,detail_priority,duplicate_group_id,repost_candidate,reason,http_collection_authorized
K131132607290017,목재종이,CONFIRMED,True,ACTIVE,UNKNOWN,NOT_REQUESTED,True,P1,,False,CONFIRMED_PRIORITY_ACTIVE_MINIMUM_CANDIDATE,False
K131132607290018,목재종이,CONFIRMED,True,ACTIVE,UNKNOWN,NOT_REQUESTED,True,P1,,False,CONFIRMED_PRIORITY_ACTIVE_MINIMUM_CANDIDATE,False
K131132608310048,목재종이,CONFIRMED,True,ACTIVE,UNKNOWN,NOT_REQUESTED,True,P1,,False,CONFIRMED_PRIORITY_ACTIVE_MINIMUM_CANDIDATE,False
K131132609010019,목재종이,CONFIRMED,True,ACTIVE,UNKNOWN,NOT_REQUESTED,True,P1,,False,CONFIRMED_PRIORITY_ACTIVE_MINIMUM_CANDIDATE,False
K131112609040006,기계,CONFIRMED,True,ACTIVE,UNKNOWN,NOT_REQUESTED,True,P1,,False,CONFIRMED_PRIORITY_ACTIVE_MINIMUM_CANDIDATE,False
K131112609040007,기계,CONFIRMED,True,ACTIVE,UNKNOWN,NOT_REQUESTED,True,P1,,False,CONFIRMED_PRIORITY_ACTIVE_MINIMUM_CANDIDATE,False
K131112609040008,기계,CONFIRMED,True,ACTIVE,UNKNOWN,NOT_REQUESTED,True,P1,,False,CONFIRMED_PRIORITY_ACTIVE_MINIMUM_CANDIDATE,False
K131112609040009,기계,CONFIRMED,True,ACTIVE,UNKNOWN,NOT_REQUESTED,True,P1,,False,CONFIRMED_PRIORITY_ACTIVE_MINIMUM_CANDIDATE,False
K131112609090004,기계,CONFIRMED,True,ACTIVE,UNKNOWN,NOT_REQUESTED,True,P1,,False,CONFIRMED_PRIORITY_ACTIVE_MINIMUM_CANDIDATE,False
K131132607240017,기계,CONFIRMED,True,ACTIVE,UNKNOWN,NOT_REQUESTED,True,P1,,False,CONFIRMED_PRIORITY_ACTIVE_MINIMUM_CANDIDATE,False
K131132608030057,기계,CONFIRMED,True,ACTIVE,UNKNOWN,NOT_REQUESTED,True,P1,,False,CONFIRMED_PRIORITY_ACTIVE_MINIMUM_CANDIDATE,False
K131132608030058,기계,CONFIRMED,True,ACTIVE,UNKNOWN,NOT_REQUESTED,True,P1,,False,CONFIRMED_PRIORITY_ACTIVE_MINIMUM_CANDIDATE,False
K131132608060024,기계,CONFIRMED,True,ACTIVE,UNKNOWN,NOT_REQUESTED,True,P1,,False,CONFIRMED_PRIORITY_ACTIVE_MINIMUM_CANDIDATE,False
K131132608060041,기계,CONFIRMED,True,ACTIVE,UNKNOWN,NOT_REQUESTED,True,P1,,False,CONFIRMED_PRIORITY_ACTIVE_MINIMUM_CANDIDATE,False
K131132608070026,기계,CONFIRMED,True,ACTIVE,UNKNOWN,NOT_REQUESTED,True,P1,,False,CONFIRMED_PRIORITY_ACTIVE_MINIMUM_CANDIDATE,False
K131132608100094,기계,CONFIRMED,True,ACTIVE,UNKNOWN,NOT_REQUESTED,True,P1,,False,CONFIRMED_PRIORITY_ACTIVE_MINIMUM_CANDIDATE,False
K131132608120065,기계,CONFIRMED,True,ACTIVE,UNKNOWN,NOT_REQUESTED,True,P1,,False,CONFIRMED_PRIORITY_ACTIVE_MINIMUM_CANDIDATE,False
K131132608130011,기계,CONFIRMED,True,ACTIVE,UNKNOWN,NOT_REQUESTED,True,P1,,False,CONFIRMED_PRIORITY_ACTIVE_MINIMUM_CANDIDATE,False
K131132608130058,기계,CONFIRMED,True,ACTIVE,UNKNOWN,NOT_REQUESTED,True,P1,,False,CONFIRMED_PRIORITY_ACTIVE_MINIMUM_CANDIDATE,False
K131132608140050,기계,CONFIRMED,True,ACTIVE,UNKNOWN,NOT_REQUESTED,True,P1,,False,CONFIRMED_PRIORITY_ACTIVE_MINIMUM_CANDIDATE,False
K131132608180046,기계,CONFIRMED,True,ACTIVE,UNKNOWN,NOT_REQUESTED,True,P1,,False,CONFIRMED_PRIORITY_ACTIVE_MINIMUM_CANDIDATE,False
K131132608180047,기계,CONFIRMED,True,ACTIVE,UNKNOWN,NOT_REQUESTED,True,P1,,False,CONFIRMED_PRIORITY_ACTIVE_MINIMUM_CANDIDATE,False
K131132608180067,기계,CONFIRMED,True,ACTIVE,UNKNOWN,NOT_REQUESTED,True,P1,,False,CONFIRMED_PRIORITY_ACTIVE_MINIMUM_CANDIDATE,False
K131132608190012,기계,CONFIRMED,True,ACTIVE,UNKNOWN,NOT_REQUESTED,True,P1,,False,CONFIRMED_PRIORITY_ACTIVE_MINIMUM_CANDIDATE,False
K131132608190051,기계,CONFIRMED,True,ACTIVE,UNKNOWN,NOT_REQUESTED,True,P1,,False,CONFIRMED_PRIORITY_ACTIVE_MINIMUM_CANDIDATE,False
K131132608190057,기계,CONFIRMED,True,ACTIVE,UNKNOWN,NOT_REQUESTED,True,P1,,False,CONFIRMED_PRIORITY_ACTIVE_MINIMUM_CANDIDATE,False
K131132608200045,기계,CONFIRMED,True,ACTIVE,UNKNOWN,NOT_REQUESTED,True,P1,,False,CONFIRMED_PRIORITY_ACTIVE_MINIMUM_CANDIDATE,False
K131132608210008,기계,CONFIRMED,True,ACTIVE,UNKNOWN,NOT_REQUESTED,True,P1,,False,CONFIRMED_PRIORITY_ACTIVE_MINIMUM_CANDIDATE,False
K131132608210012,기계,CONFIRMED,True,ACTIVE,UNKNOWN,NOT_REQUESTED,True,P1,,False,CONFIRMED_PRIORITY_ACTIVE_MINIMUM_CANDIDATE,False
K131132608210041,기계,CONFIRMED,True,ACTIVE,UNKNOWN,NOT_REQUESTED,True,P1,,False,CONFIRMED_PRIORITY_ACTIVE_MINIMUM_CANDIDATE,False
K131132608240019,기계,CONFIRMED,True,ACTIVE,UNKNOWN,NOT_REQUESTED,True,P1,,False,CONFIRMED_PRIORITY_ACTIVE_MINIMUM_CANDIDATE,False
K131132608240030,기계,CONFIRMED,True,ACTIVE,UNKNOWN,NOT_REQUESTED,True,P1,,False,CONFIRMED_PRIORITY_ACTIVE_MINIMUM_CANDIDATE,False
K131132608240031,기계,CONFIRMED,True,ACTIVE,UNKNOWN,NOT_REQUESTED,True,P1,,False,CONFIRMED_PRIORITY_ACTIVE_MINIMUM_CANDIDATE,False
K131132608240045,기계,CONFIRMED,True,ACTIVE,UNKNOWN,NOT_REQUESTED,True,P1,,False,CONFIRMED_PRIORITY_ACTIVE_MINIMUM_CANDIDATE,False
K131132608250044,기계,CONFIRMED,True,ACTIVE,UNKNOWN,NOT_REQUESTED,True,P1,,False,CONFIRMED_PRIORITY_ACTIVE_MINIMUM_CANDIDATE,False
K131132608250063,기계,CONFIRMED,True,ACTIVE,UNKNOWN,NOT_REQUESTED,True,P1,,False,CONFIRMED_PRIORITY_ACTIVE_MINIMUM_CANDIDATE,False
K131132608260007,기계,CONFIRMED,True,ACTIVE,UNKNOWN,NOT_REQUESTED,True,P1,,False,CONFIRMED_PRIORITY_ACTIVE_MINIMUM_CANDIDATE,False
K131132608260059,기계,CONFIRMED,True,ACTIVE,UNKNOWN,NOT_REQUESTED,True,P1,,False,CONFIRMED_PRIORITY_ACTIVE_MINIMUM_CANDIDATE,False
K131132608260061,기계,CONFIRMED,True,ACTIVE,UNKNOWN,NOT_REQUESTED,True,P1,,False,CONFIRMED_PRIORITY_ACTIVE_MINIMUM_CANDIDATE,False
K131132608260071,기계,CONFIRMED,True,ACTIVE,UNKNOWN,NOT_REQUESTED,True,P1,,False,CONFIRMED_PRIORITY_ACTIVE_MINIMUM_CANDIDATE,False
K131132608270026,기계,CONFIRMED,True,ACTIVE,UNKNOWN,NOT_REQUESTED,True,P1,,False,CONFIRMED_PRIORITY_ACTIVE_MINIMUM_CANDIDATE,False
K131132608270051,기계,CONFIRMED,True,ACTIVE,UNKNOWN,NOT_REQUESTED,True,P1,,False,CONFIRMED_PRIORITY_ACTIVE_MINIMUM_CANDIDATE,False
K131132608280006,기계,CONFIRMED,True,ACTIVE,UNKNOWN,NOT_REQUESTED,True,P1,,False,CONFIRMED_PRIORITY_ACTIVE_MINIMUM_CANDIDATE,False
K131132608280009,기계,CONFIRMED,True,ACTIVE,UNKNOWN,NOT_REQUESTED,True,P1,,False,CONFIRMED_PRIORITY_ACTIVE_MINIMUM_CANDIDATE,False
K131132608280017,기계,CONFIRMED,True,ACTIVE,UNKNOWN,NOT_REQUESTED,True,P1,,False,CONFIRMED_PRIORITY_ACTIVE_MINIMUM_CANDIDATE,False
K131132608310025,기계,CONFIRMED,True,ACTIVE,UNKNOWN,NOT_REQUESTED,True,P1,,False,CONFIRMED_PRIORITY_ACTIVE_MINIMUM_CANDIDATE,False
K131132608310059,기계,CONFIRMED,True,ACTIVE,UNKNOWN,NOT_REQUESTED,True,P1,,False,CONFIRMED_PRIORITY_ACTIVE_MINIMUM_CANDIDATE,False
K131132608310075,기계,CONFIRMED,True,ACTIVE,UNKNOWN,NOT_REQUESTED,True,P1,,False,CONFIRMED_PRIORITY_ACTIVE_MINIMUM_CANDIDATE,False
K131132609010001,기계,CONFIRMED,True,ACTIVE,UNKNOWN,NOT_REQUESTED,True,P1,,False,CONFIRMED_PRIORITY_ACTIVE_MINIMUM_CANDIDATE,False
K131132609010002,기계,CONFIRMED,True,ACTIVE,UNKNOWN,NOT_REQUESTED,True,P1,,False,CONFIRMED_PRIORITY_ACTIVE_MINIMUM_CANDIDATE,False
K131132609010007,기계,CONFIRMED,True,ACTIVE,UNKNOWN,NOT_REQUESTED,True,P1,,False,CONFIRMED_PRIORITY_ACTIVE_MINIMUM_CANDIDATE,False
K131132609010036,기계,CONFIRMED,True,ACTIVE,UNKNOWN,NOT_REQUESTED,True,P1,,False,CONFIRMED_PRIORITY_ACTIVE_MINIMUM_CANDIDATE,False
K131132609010038,기계,CONFIRMED,True,ACTIVE,UNKNOWN,NOT_REQUESTED,True,P1,,False,CONFIRMED_PRIORITY_ACTIVE_MINIMUM_CANDIDATE,False
K131132609010039,기계,CONFIRMED,True,ACTIVE,UNKNOWN,NOT_REQUESTED,True,P1,,False,CONFIRMED_PRIORITY_ACTIVE_MINIMUM_CANDIDATE,False
K131132609010040,기계,CONFIRMED,True,ACTIVE,UNKNOWN,NOT_REQUESTED,True,P1,,False,CONFIRMED_PRIORITY_ACTIVE_MINIMUM_CANDIDATE,False
K131132609010047,기계,CONFIRMED,True,ACTIVE,UNKNOWN,NOT_REQUESTED,True,P1,,False,CONFIRMED_PRIORITY_ACTIVE_MINIMUM_CANDIDATE,False
K131132609010049,기계,CONFIRMED,True,ACTIVE,UNKNOWN,NOT_REQUESTED,True,P1,,False,CONFIRMED_PRIORITY_ACTIVE_MINIMUM_CANDIDATE,False
K131132609010051,기계,CONFIRMED,True,ACTIVE,UNKNOWN,NOT_REQUESTED,True,P1,,False,CONFIRMED_PRIORITY_ACTIVE_MINIMUM_CANDIDATE,False
K131132609010052,기계,CONFIRMED,True,ACTIVE,UNKNOWN,NOT_REQUESTED,True,P1,,False,CONFIRMED_PRIORITY_ACTIVE_MINIMUM_CANDIDATE,False
K131132609010053,기계,CONFIRMED,True,ACTIVE,UNKNOWN,NOT_REQUESTED,True,P1,,False,CONFIRMED_PRIORITY_ACTIVE_MINIMUM_CANDIDATE,False
K131132609020015,기계,CONFIRMED,True,ACTIVE,UNKNOWN,NOT_REQUESTED,True,P1,,False,CONFIRMED_PRIORITY_ACTIVE_MINIMUM_CANDIDATE,False
K131132609020016,기계,CONFIRMED,True,ACTIVE,UNKNOWN,NOT_REQUESTED,True,P1,,False,CONFIRMED_PRIORITY_ACTIVE_MINIMUM_CANDIDATE,False
K131132609030054,기계,CONFIRMED,True,ACTIVE,UNKNOWN,NOT_REQUESTED,True,P1,,False,CONFIRMED_PRIORITY_ACTIVE_MINIMUM_CANDIDATE,False
K131132609030066,기계,CONFIRMED,True,ACTIVE,UNKNOWN,NOT_REQUESTED,True,P1,,False,CONFIRMED_PRIORITY_ACTIVE_MINIMUM_CANDIDATE,False
K131132609040054,기계,CONFIRMED,True,ACTIVE,UNKNOWN,NOT_REQUESTED,True,P1,,False,CONFIRMED_PRIORITY_ACTIVE_MINIMUM_CANDIDATE,False
K131132609070025,기계,CONFIRMED,True,ACTIVE,UNKNOWN,NOT_REQUESTED,True,P1,,False,CONFIRMED_PRIORITY_ACTIVE_MINIMUM_CANDIDATE,False
K131132609070026,기계,CONFIRMED,True,ACTIVE,UNKNOWN,NOT_REQUESTED,True,P1,,False,CONFIRMED_PRIORITY_ACTIVE_MINIMUM_CANDIDATE,False
K131132609070058,기계,CONFIRMED,True,ACTIVE,UNKNOWN,NOT_REQUESTED,True,P1,,False,CONFIRMED_PRIORITY_ACTIVE_MINIMUM_CANDIDATE,False
K131132609070083,기계,CONFIRMED,True,ACTIVE,UNKNOWN,NOT_REQUESTED,True,P1,,False,CONFIRMED_PRIORITY_ACTIVE_MINIMUM_CANDIDATE,False
K131132609070089,기계,CONFIRMED,True,ACTIVE,UNKNOWN,NOT_REQUESTED,True,P1,,False,CONFIRMED_PRIORITY_ACTIVE_MINIMUM_CANDIDATE,False
K131132609080001,기계,CONFIRMED,True,ACTIVE,UNKNOWN,NOT_REQUESTED,True,P1,,False,CONFIRMED_PRIORITY_ACTIVE_MINIMUM_CANDIDATE,False
K131132609080015,기계,CONFIRMED,True,ACTIVE,UNKNOWN,NOT_REQUESTED,True,P1,,False,CONFIRMED_PRIORITY_ACTIVE_MINIMUM_CANDIDATE,False
K131132609080016,기계,CONFIRMED,True,ACTIVE,UNKNOWN,NOT_REQUESTED,True,P1,,False,CONFIRMED_PRIORITY_ACTIVE_MINIMUM_CANDIDATE,False
K131132609080046,기계,CONFIRMED,True,ACTIVE,UNKNOWN,NOT_REQUESTED,True,P1,,False,CONFIRMED_PRIORITY_ACTIVE_MINIMUM_CANDIDATE,False
K131132609080055,기계,CONFIRMED,True,ACTIVE,UNKNOWN,NOT_REQUESTED,True,P1,,False,CONFIRMED_PRIORITY_ACTIVE_MINIMUM_CANDIDATE,False
K131132609080061,기계,CONFIRMED,True,ACTIVE,UNKNOWN,NOT_REQUESTED,True,P1,,False,CONFIRMED_PRIORITY_ACTIVE_MINIMUM_CANDIDATE,False
K131132609080085,기계,CONFIRMED,True,ACTIVE,UNKNOWN,NOT_REQUESTED,True,P1,,False,CONFIRMED_PRIORITY_ACTIVE_MINIMUM_CANDIDATE,False
K131132609080086,기계,CONFIRMED,True,ACTIVE,UNKNOWN,NOT_REQUESTED,True,P1,,False,CONFIRMED_PRIORITY_ACTIVE_MINIMUM_CANDIDATE,False
K131132609090005,기계,CONFIRMED,True,ACTIVE,UNKNOWN,NOT_REQUESTED,True,P1,,False,CONFIRMED_PRIORITY_ACTIVE_MINIMUM_CANDIDATE,False
K131132609090012,기계,CONFIRMED,True,ACTIVE,UNKNOWN,NOT_REQUESTED,True,P1,,False,CONFIRMED_PRIORITY_ACTIVE_MINIMUM_CANDIDATE,False
K131132609090040,기계,CONFIRMED,True,ACTIVE,UNKNOWN,NOT_REQUESTED,True,P1,,False,CONFIRMED_PRIORITY_ACTIVE_MINIMUM_CANDIDATE,False
K131132609090043,기계,CONFIRMED,True,ACTIVE,UNKNOWN,NOT_REQUESTED,True,P1,,False,CONFIRMED_PRIORITY_ACTIVE_MINIMUM_CANDIDATE,False
K131132609090044,기계,CONFIRMED,True,ACTIVE,UNKNOWN,NOT_REQUESTED,True,P1,,False,CONFIRMED_PRIORITY_ACTIVE_MINIMUM_CANDIDATE,False
K131132609100002,기계,CONFIRMED,True,ACTIVE,UNKNOWN,NOT_REQUESTED,True,P1,,False,CONFIRMED_PRIORITY_ACTIVE_MINIMUM_CANDIDATE,False
K131132609100003,기계,CONFIRMED,True,ACTIVE,UNKNOWN,NOT_REQUESTED,True,P1,,False,CONFIRMED_PRIORITY_ACTIVE_MINIMUM_CANDIDATE,False
K131132609100008,기계,CONFIRMED,True,ACTIVE,UNKNOWN,NOT_REQUESTED,True,P1,,False,CONFIRMED_PRIORITY_ACTIVE_MINIMUM_CANDIDATE,False
K131132609100022,기계,CONFIRMED,True,ACTIVE,UNKNOWN,NOT_REQUESTED,True,P1,,False,CONFIRMED_PRIORITY_ACTIVE_MINIMUM_CANDIDATE,False
K131132609100035,기계,CONFIRMED,True,ACTIVE,UNKNOWN,NOT_REQUESTED,True,P1,,False,CONFIRMED_PRIORITY_ACTIVE_MINIMUM_CANDIDATE,False
K131132609100036,기계,CONFIRMED,True,ACTIVE,UNKNOWN,NOT_REQUESTED,True,P1,,False,CONFIRMED_PRIORITY_ACTIVE_MINIMUM_CANDIDATE,False
K131132609100037,기계,CONFIRMED,True,ACTIVE,UNKNOWN,NOT_REQUESTED,True,P1,,False,CONFIRMED_PRIORITY_ACTIVE_MINIMUM_CANDIDATE,False
K131132609100049,기계,CONFIRMED,True,ACTIVE,UNKNOWN,NOT_REQUESTED,True,P1,,False,CONFIRMED_PRIORITY_ACTIVE_MINIMUM_CANDIDATE,False
K131132609110001,기계,CONFIRMED,True,ACTIVE,UNKNOWN,NOT_REQUESTED,True,P1,,False,CONFIRMED_PRIORITY_ACTIVE_MINIMUM_CANDIDATE,False
K131132609110010,기계,CONFIRMED,True,ACTIVE,UNKNOWN,NOT_REQUESTED,True,P1,,False,CONFIRMED_PRIORITY_ACTIVE_MINIMUM_CANDIDATE,False
K131132609110013,기계,CONFIRMED,True,ACTIVE,UNKNOWN,NOT_REQUESTED,True,P1,,False,CONFIRMED_PRIORITY_ACTIVE_MINIMUM_CANDIDATE,False
K131132609110055,기계,CONFIRMED,True,ACTIVE,UNKNOWN,NOT_REQUESTED,True,P1,,False,CONFIRMED_PRIORITY_ACTIVE_MINIMUM_CANDIDATE,False
K131132609140001,기계,CONFIRMED,True,ACTIVE,UNKNOWN,NOT_REQUESTED,True,P1,,False,CONFIRMED_PRIORITY_ACTIVE_MINIMUM_CANDIDATE,False
K131132609140025,기계,CONFIRMED,True,ACTIVE,UNKNOWN,NOT_REQUESTED,True,P1,,False,CONFIRMED_PRIORITY_ACTIVE_MINIMUM_CANDIDATE,False
K131132609140026,기계,CONFIRMED,True,ACTIVE,UNKNOWN,NOT_REQUESTED,True,P1,,False,CONFIRMED_PRIORITY_ACTIVE_MINIMUM_CANDIDATE,False
K131132609140027,기계,CONFIRMED,True,ACTIVE,UNKNOWN,NOT_REQUESTED,True,P1,,False,CONFIRMED_PRIORITY_ACTIVE_MINIMUM_CANDIDATE,False
K131132609140051,기계,CONFIRMED,True,ACTIVE,UNKNOWN,NOT_REQUESTED,True,P1,,False,CONFIRMED_PRIORITY_ACTIVE_MINIMUM_CANDIDATE,False
K131132609140054,기계,CONFIRMED,True,ACTIVE,UNKNOWN,NOT_REQUESTED,True,P1,,False,CONFIRMED_PRIORITY_ACTIVE_MINIMUM_CANDIDATE,False
K131132609140059,기계,CONFIRMED,True,ACTIVE,UNKNOWN,NOT_REQUESTED,True,P1,,False,CONFIRMED_PRIORITY_ACTIVE_MINIMUM_CANDIDATE,False
K131132609140062,기계,CONFIRMED,True,ACTIVE,UNKNOWN,NOT_REQUESTED,True,P1,,False,CONFIRMED_PRIORITY_ACTIVE_MINIMUM_CANDIDATE,False
K131132609140064,기계,CONFIRMED,True,ACTIVE,UNKNOWN,NOT_REQUESTED,True,P1,,False,CONFIRMED_PRIORITY_ACTIVE_MINIMUM_CANDIDATE,False
K131132609140070,기계,CONFIRMED,True,ACTIVE,UNKNOWN,NOT_REQUESTED,True,P1,,False,CONFIRMED_PRIORITY_ACTIVE_MINIMUM_CANDIDATE,False
K131132609140078,기계,CONFIRMED,True,ACTIVE,UNKNOWN,NOT_REQUESTED,True,P1,,False,CONFIRMED_PRIORITY_ACTIVE_MINIMUM_CANDIDATE,False
K131132609140079,기계,CONFIRMED,True,ACTIVE,UNKNOWN,NOT_REQUESTED,True,P1,,False,CONFIRMED_PRIORITY_ACTIVE_MINIMUM_CANDIDATE,False
K131132609150004,기계,CONFIRMED,True,ACTIVE,UNKNOWN,NOT_REQUESTED,True,P1,,False,CONFIRMED_PRIORITY_ACTIVE_MINIMUM_CANDIDATE,False
K131132609150005,기계,CONFIRMED,True,ACTIVE,UNKNOWN,NOT_REQUESTED,True,P1,,False,CONFIRMED_PRIORITY_ACTIVE_MINIMUM_CANDIDATE,False
K131132609150022,기계,CONFIRMED,True,ACTIVE,UNKNOWN,NOT_REQUESTED,True,P1,,False,CONFIRMED_PRIORITY_ACTIVE_MINIMUM_CANDIDATE,False
K131132609150028,기계,CONFIRMED,True,ACTIVE,UNKNOWN,NOT_REQUESTED,True,P1,,False,CONFIRMED_PRIORITY_ACTIVE_MINIMUM_CANDIDATE,False
K131132609150029,기계,CONFIRMED,True,ACTIVE,UNKNOWN,NOT_REQUESTED,True,P1,,False,CONFIRMED_PRIORITY_ACTIVE_MINIMUM_CANDIDATE,False
K131132609150030,기계,CONFIRMED,True,ACTIVE,UNKNOWN,NOT_REQUESTED,True,P1,,False,CONFIRMED_PRIORITY_ACTIVE_MINIMUM_CANDIDATE,False
K131132609150035,기계,CONFIRMED,True,ACTIVE,UNKNOWN,NOT_REQUESTED,True,P1,,False,CONFIRMED_PRIORITY_ACTIVE_MINIMUM_CANDIDATE,False
K131132609160001,기계,CONFIRMED,True,ACTIVE,UNKNOWN,NOT_REQUESTED,True,P1,,False,CONFIRMED_PRIORITY_ACTIVE_MINIMUM_CANDIDATE,False
K131132609160035,기계,CONFIRMED,True,ACTIVE,UNKNOWN,NOT_REQUESTED,True,P1,,False,CONFIRMED_PRIORITY_ACTIVE_MINIMUM_CANDIDATE,False
K131132609170001,기계,CONFIRMED,True,ACTIVE,UNKNOWN,NOT_REQUESTED,True,P1,,False,CONFIRMED_PRIORITY_ACTIVE_MINIMUM_CANDIDATE,False
K131132609170005,기계,CONFIRMED,True,ACTIVE,UNKNOWN,NOT_REQUESTED,True,P1,,False,CONFIRMED_PRIORITY_ACTIVE_MINIMUM_CANDIDATE,False
K131132609170017,기계,CONFIRMED,True,ACTIVE,UNKNOWN,NOT_REQUESTED,True,P1,,False,CONFIRMED_PRIORITY_ACTIVE_MINIMUM_CANDIDATE,False
K131132609170027,기계,CONFIRMED,True,ACTIVE,UNKNOWN,NOT_REQUESTED,True,P1,,False,CONFIRMED_PRIORITY_ACTIVE_MINIMUM_CANDIDATE,False
K131132609170028,기계,CONFIRMED,True,ACTIVE,UNKNOWN,NOT_REQUESTED,True,P1,,False,CONFIRMED_PRIORITY_ACTIVE_MINIMUM_CANDIDATE,False
K131132609170030,기계,CONFIRMED,True,ACTIVE,UNKNOWN,NOT_REQUESTED,True,P1,,False,CONFIRMED_PRIORITY_ACTIVE_MINIMUM_CANDIDATE,False
K131132609170042,기계,CONFIRMED,True,ACTIVE,UNKNOWN,NOT_REQUESTED,True,P1,,False,CONFIRMED_PRIORITY_ACTIVE_MINIMUM_CANDIDATE,False
K131132609170043,기계,CONFIRMED,True,ACTIVE,UNKNOWN,NOT_REQUESTED,True,P1,,False,CONFIRMED_PRIORITY_ACTIVE_MINIMUM_CANDIDATE,False
K131132609180004,기계,CONFIRMED,True,ACTIVE,UNKNOWN,NOT_REQUESTED,True,P1,,False,CONFIRMED_PRIORITY_ACTIVE_MINIMUM_CANDIDATE,False
K131132609180007,기계,CONFIRMED,True,ACTIVE,UNKNOWN,NOT_REQUESTED,True,P1,,False,CONFIRMED_PRIORITY_ACTIVE_MINIMUM_CANDIDATE,False
K131132609180012,기계,CONFIRMED,True,ACTIVE,UNKNOWN,NOT_REQUESTED,True,P1,,False,CONFIRMED_PRIORITY_ACTIVE_MINIMUM_CANDIDATE,False
K131132609180014,기계,CONFIRMED,True,ACTIVE,UNKNOWN,NOT_REQUESTED,True,P1,,False,CONFIRMED_PRIORITY_ACTIVE_MINIMUM_CANDIDATE,False
K131132609180024,기계,CONFIRMED,True,ACTIVE,UNKNOWN,NOT_REQUESTED,True,P1,,False,CONFIRMED_PRIORITY_ACTIVE_MINIMUM_CANDIDATE,False
K131132609180027,기계,CONFIRMED,True,ACTIVE,UNKNOWN,NOT_REQUESTED,True,P1,,False,CONFIRMED_PRIORITY_ACTIVE_MINIMUM_CANDIDATE,False
K131132609180028,기계,CONFIRMED,True,ACTIVE,UNKNOWN,NOT_REQUESTED,True,P1,,False,CONFIRMED_PRIORITY_ACTIVE_MINIMUM_CANDIDATE,False
K131132609180033,기계,CONFIRMED,True,ACTIVE,UNKNOWN,NOT_REQUESTED,True,P1,,False,CONFIRMED_PRIORITY_ACTIVE_MINIMUM_CANDIDATE,False
KEC0132608250006,기계,CONFIRMED,True,ACTIVE,UNKNOWN,NOT_REQUESTED,True,P1,,False,CONFIRMED_PRIORITY_ACTIVE_MINIMUM_CANDIDATE,False
KF10532608130005,기계,CONFIRMED,True,ACTIVE,UNKNOWN,NOT_REQUESTED,True,P1,,False,CONFIRMED_PRIORITY_ACTIVE_MINIMUM_CANDIDATE,False
KF10532609090004,기계,CONFIRMED,True,ACTIVE,UNKNOWN,NOT_REQUESTED,True,P1,,False,CONFIRMED_PRIORITY_ACTIVE_MINIMUM_CANDIDATE,False
KJBO002609140012,기계,CONFIRMED,True,ACTIVE,UNKNOWN,NOT_REQUESTED,True,P1,,False,CONFIRMED_PRIORITY_ACTIVE_MINIMUM_CANDIDATE,False
KJSA002609090072,기계,CONFIRMED,True,ACTIVE,UNKNOWN,NOT_REQUESTED,True,P1,,False,CONFIRMED_PRIORITY_ACTIVE_MINIMUM_CANDIDATE,False
KJSA002609090073,기계,CONFIRMED,True,ACTIVE,UNKNOWN,NOT_REQUESTED,True,P1,,False,CONFIRMED_PRIORITY_ACTIVE_MINIMUM_CANDIDATE,False
KJSA002609140001,기계,CONFIRMED,True,ACTIVE,UNKNOWN,NOT_REQUESTED,True,P1,,False,CONFIRMED_PRIORITY_ACTIVE_MINIMUM_CANDIDATE,False
KJSA002609140002,기계,CONFIRMED,True,ACTIVE,UNKNOWN,NOT_REQUESTED,True,P1,,False,CONFIRMED_PRIORITY_ACTIVE_MINIMUM_CANDIDATE,False
K131132609180044,기계,CONFIRMED,True,ACTIVE,CORE_INDUSTRIAL,SUCCESS,False,P2,,False,EXACT_NATURAL_KEY_ALREADY_DETAIL_VERIFIED,False
K131132609070012,목재종이,CONFIRMED,True,EXPIRED,UNKNOWN,NOT_REQUESTED,False,P3,,False,CONFIRMED_PRIORITY_BUT_EXPIRED,False
K131132607210044,기계,CONFIRMED,True,EXPIRED,UNKNOWN,NOT_REQUESTED,False,P3,,False,CONFIRMED_PRIORITY_BUT_EXPIRED,False
K131132607220035,기계,CONFIRMED,True,EXPIRED,UNKNOWN,NOT_REQUESTED,False,P3,,False,CONFIRMED_PRIORITY_BUT_EXPIRED,False
K131132607220047,기계,CONFIRMED,True,EXPIRED,UNKNOWN,NOT_REQUESTED,False,P3,,False,CONFIRMED_PRIORITY_BUT_EXPIRED,False
K131132607220050,기계,CONFIRMED,True,EXPIRED,UNKNOWN,NOT_REQUESTED,False,P3,,False,CONFIRMED_PRIORITY_BUT_EXPIRED,False
K131132607220052,기계,CONFIRMED,True,EXPIRED,UNKNOWN,NOT_REQUESTED,False,P3,,False,CONFIRMED_PRIORITY_BUT_EXPIRED,False
K131132607230020,기계,CONFIRMED,True,EXPIRED,UNKNOWN,NOT_REQUESTED,False,P3,,False,CONFIRMED_PRIORITY_BUT_EXPIRED,False
K131132609020054,기계,CONFIRMED,True,EXPIRED,UNKNOWN,NOT_REQUESTED,False,P3,,False,CONFIRMED_PRIORITY_BUT_EXPIRED,False
K131132609030035,기계,CONFIRMED,True,EXPIRED,UNKNOWN,NOT_REQUESTED,False,P3,,False,CONFIRMED_PRIORITY_BUT_EXPIRED,False
K131132609040008,기계,CONFIRMED,True,EXPIRED,UNKNOWN,NOT_REQUESTED,False,P3,,False,CONFIRMED_PRIORITY_BUT_EXPIRED,False
K131132609070004,기계,CONFIRMED,True,EXPIRED,UNKNOWN,NOT_REQUESTED,False,P3,,False,CONFIRMED_PRIORITY_BUT_EXPIRED,False
K131132609070018,기계,CONFIRMED,True,EXPIRED,UNKNOWN,NOT_REQUESTED,False,P3,,False,CONFIRMED_PRIORITY_BUT_EXPIRED,False
K131132609070019,기계,CONFIRMED,True,EXPIRED,UNKNOWN,NOT_REQUESTED,False,P3,,False,CONFIRMED_PRIORITY_BUT_EXPIRED,False
K131132609070020,기계,CONFIRMED,True,EXPIRED,UNKNOWN,NOT_REQUESTED,False,P3,,False,CONFIRMED_PRIORITY_BUT_EXPIRED,False
K131132609070022,기계,CONFIRMED,True,EXPIRED,UNKNOWN,NOT_REQUESTED,False,P3,,False,CONFIRMED_PRIORITY_BUT_EXPIRED,False
K131132609070024,기계,CONFIRMED,True,EXPIRED,UNKNOWN,NOT_REQUESTED,False,P3,,False,CONFIRMED_PRIORITY_BUT_EXPIRED,False
K131132609070056,기계,CONFIRMED,True,EXPIRED,UNKNOWN,NOT_REQUESTED,False,P3,,False,CONFIRMED_PRIORITY_BUT_EXPIRED,False
K131132609080006,기계,CONFIRMED,True,EXPIRED,UNKNOWN,NOT_REQUESTED,False,P3,,False,CONFIRMED_PRIORITY_BUT_EXPIRED,False
K131132609080022,기계,CONFIRMED,True,EXPIRED,UNKNOWN,NOT_REQUESTED,False,P3,,False,CONFIRMED_PRIORITY_BUT_EXPIRED,False
K131132609080039,기계,CONFIRMED,True,EXPIRED,UNKNOWN,NOT_REQUESTED,False,P3,,False,CONFIRMED_PRIORITY_BUT_EXPIRED,False
K131132609080058,기계,CONFIRMED,True,EXPIRED,UNKNOWN,NOT_REQUESTED,False,P3,,False,CONFIRMED_PRIORITY_BUT_EXPIRED,False
K131132609080068,기계,CONFIRMED,True,EXPIRED,UNKNOWN,NOT_REQUESTED,False,P3,,False,CONFIRMED_PRIORITY_BUT_EXPIRED,False
K131132609080069,기계,CONFIRMED,True,EXPIRED,UNKNOWN,NOT_REQUESTED,False,P3,,False,CONFIRMED_PRIORITY_BUT_EXPIRED,False
K131132609080071,기계,CONFIRMED,True,EXPIRED,UNKNOWN,NOT_REQUESTED,False,P3,,False,CONFIRMED_PRIORITY_BUT_EXPIRED,False
K131132609080072,기계,CONFIRMED,True,EXPIRED,UNKNOWN,NOT_REQUESTED,False,P3,,False,CONFIRMED_PRIORITY_BUT_EXPIRED,False
K131112607310019,목재종이,UNKNOWN,True,ACTIVE,CORE_INDUSTRIAL,SUCCESS,False,P4,,False,PRIORITY_INDUSTRY_OFFICIAL_COMPLEX_UNCONFIRMED,False
K131112609070060,목재종이,UNKNOWN,True,EXPIRED,UNKNOWN,FAILED,False,P4,,False,PRIORITY_INDUSTRY_OFFICIAL_COMPLEX_UNCONFIRMED,False
K131112609180027,목재종이,UNKNOWN,True,ACTIVE,INDUSTRIAL_SUPPORT,SUCCESS,False,P4,,False,PRIORITY_INDUSTRY_OFFICIAL_COMPLEX_UNCONFIRMED,False
K131132608190052,목재종이,UNKNOWN,True,ACTIVE,UNKNOWN,NOT_REQUESTED,False,P4,,False,PRIORITY_INDUSTRY_OFFICIAL_COMPLEX_UNCONFIRMED,False
K131132608190054,목재종이,UNKNOWN,True,ACTIVE,UNKNOWN,NOT_REQUESTED,False,P4,,False,PRIORITY_INDUSTRY_OFFICIAL_COMPLEX_UNCONFIRMED,False
K131132608260052,목재종이,UNKNOWN,True,ACTIVE,UNKNOWN,NOT_REQUESTED,False,P4,,False,PRIORITY_INDUSTRY_OFFICIAL_COMPLEX_UNCONFIRMED,False
K131132609070031,목재종이,UNKNOWN,True,ACTIVE,UNKNOWN,NOT_REQUESTED,False,P4,,False,PRIORITY_INDUSTRY_OFFICIAL_COMPLEX_UNCONFIRMED,False
K131132609140036,목재종이,UNKNOWN,True,ACTIVE,UNKNOWN,NOT_REQUESTED,False,P4,,False,PRIORITY_INDUSTRY_OFFICIAL_COMPLEX_UNCONFIRMED,False
K131132609170053,목재종이,UNKNOWN,True,ACTIVE,GENERAL_NONCORE,SUCCESS,False,P4,,False,PRIORITY_INDUSTRY_OFFICIAL_COMPLEX_UNCONFIRMED,False
KEC0052609140005,목재종이,UNKNOWN,True,ACTIVE,UNKNOWN,NOT_REQUESTED,False,P4,,False,PRIORITY_INDUSTRY_OFFICIAL_COMPLEX_UNCONFIRMED,False
K131112607230031,기계,UNKNOWN,True,EXPIRED,UNKNOWN,FAILED,False,P4,,False,PRIORITY_INDUSTRY_OFFICIAL_COMPLEX_UNCONFIRMED,False
K131112607230044,기계,UNKNOWN,True,EXPIRED,UNKNOWN,FAILED,False,P4,,False,PRIORITY_INDUSTRY_OFFICIAL_COMPLEX_UNCONFIRMED,False
K131112607230045,기계,UNKNOWN,True,EXPIRED,UNKNOWN,FAILED,False,P4,,False,PRIORITY_INDUSTRY_OFFICIAL_COMPLEX_UNCONFIRMED,False
K131112607240010,기계,UNKNOWN,True,ACTIVE,UNKNOWN,NOT_REQUESTED,False,P4,,False,PRIORITY_INDUSTRY_OFFICIAL_COMPLEX_UNCONFIRMED,False
K131112608030015,기계,UNKNOWN,True,ACTIVE,UNKNOWN,NOT_REQUESTED,False,P4,,False,PRIORITY_INDUSTRY_OFFICIAL_COMPLEX_UNCONFIRMED,False
K131112608040016,기계,UNKNOWN,True,ACTIVE,UNKNOWN,NOT_REQUESTED,False,P4,,False,PRIORITY_INDUSTRY_OFFICIAL_COMPLEX_UNCONFIRMED,False
K131112608070008,기계,UNKNOWN,True,ACTIVE,UNKNOWN,NOT_REQUESTED,False,P4,,False,PRIORITY_INDUSTRY_OFFICIAL_COMPLEX_UNCONFIRMED,False
K131112608100004,기계,UNKNOWN,True,ACTIVE,UNKNOWN,NOT_REQUESTED,False,P4,,False,PRIORITY_INDUSTRY_OFFICIAL_COMPLEX_UNCONFIRMED,False
K131112608120007,기계,UNKNOWN,True,ACTIVE,UNKNOWN,NOT_REQUESTED,False,P4,,False,PRIORITY_INDUSTRY_OFFICIAL_COMPLEX_UNCONFIRMED,False
K131112608120009,기계,UNKNOWN,True,ACTIVE,UNKNOWN,NOT_REQUESTED,False,P4,,False,PRIORITY_INDUSTRY_OFFICIAL_COMPLEX_UNCONFIRMED,False
K131112608120040,기계,UNKNOWN,True,ACTIVE,UNKNOWN,NOT_REQUESTED,False,P4,,False,PRIORITY_INDUSTRY_OFFICIAL_COMPLEX_UNCONFIRMED,False
K131112608140025,기계,UNKNOWN,True,ACTIVE,UNKNOWN,NOT_REQUESTED,False,P4,,False,PRIORITY_INDUSTRY_OFFICIAL_COMPLEX_UNCONFIRMED,False
K131112608140026,기계,UNKNOWN,True,ACTIVE,UNKNOWN,NOT_REQUESTED,False,P4,,False,PRIORITY_INDUSTRY_OFFICIAL_COMPLEX_UNCONFIRMED,False
K131112608180006,기계,UNKNOWN,True,ACTIVE,UNKNOWN,NOT_REQUESTED,False,P4,,False,PRIORITY_INDUSTRY_OFFICIAL_COMPLEX_UNCONFIRMED,False
K131112608200008,기계,UNKNOWN,True,ACTIVE,UNKNOWN,NOT_REQUESTED,False,P4,,False,PRIORITY_INDUSTRY_OFFICIAL_COMPLEX_UNCONFIRMED,False
K131112608200029,기계,UNKNOWN,True,ACTIVE,UNKNOWN,NOT_REQUESTED,False,P4,,False,PRIORITY_INDUSTRY_OFFICIAL_COMPLEX_UNCONFIRMED,False
K131112608200042,기계,UNKNOWN,True,ACTIVE,UNKNOWN,NOT_REQUESTED,False,P4,,False,PRIORITY_INDUSTRY_OFFICIAL_COMPLEX_UNCONFIRMED,False
K131112608240007,기계,UNKNOWN,True,ACTIVE,UNKNOWN,NOT_REQUESTED,False,P4,,False,PRIORITY_INDUSTRY_OFFICIAL_COMPLEX_UNCONFIRMED,False
K131112608240043,기계,UNKNOWN,True,ACTIVE,UNKNOWN,NOT_REQUESTED,False,P4,,False,PRIORITY_INDUSTRY_OFFICIAL_COMPLEX_UNCONFIRMED,False
K131112608240050,기계,UNKNOWN,True,ACTIVE,UNKNOWN,NOT_REQUESTED,False,P4,,False,PRIORITY_INDUSTRY_OFFICIAL_COMPLEX_UNCONFIRMED,False
K131112608240051,기계,UNKNOWN,True,ACTIVE,UNKNOWN,NOT_REQUESTED,False,P4,,False,PRIORITY_INDUSTRY_OFFICIAL_COMPLEX_UNCONFIRMED,False
K131112608240052,기계,UNKNOWN,True,ACTIVE,UNKNOWN,NOT_REQUESTED,False,P4,,False,PRIORITY_INDUSTRY_OFFICIAL_COMPLEX_UNCONFIRMED,False
K131112608240053,기계,UNKNOWN,True,ACTIVE,UNKNOWN,NOT_REQUESTED,False,P4,,False,PRIORITY_INDUSTRY_OFFICIAL_COMPLEX_UNCONFIRMED,False
K131112608240054,기계,UNKNOWN,True,ACTIVE,UNKNOWN,NOT_REQUESTED,False,P4,,False,PRIORITY_INDUSTRY_OFFICIAL_COMPLEX_UNCONFIRMED,False
K131112608250020,기계,UNKNOWN,True,ACTIVE,UNKNOWN,NOT_REQUESTED,False,P4,,False,PRIORITY_INDUSTRY_OFFICIAL_COMPLEX_UNCONFIRMED,False
K131112608250022,기계,UNKNOWN,True,ACTIVE,UNKNOWN,NOT_REQUESTED,False,P4,,False,PRIORITY_INDUSTRY_OFFICIAL_COMPLEX_UNCONFIRMED,False
K131112608260027,기계,UNKNOWN,True,EXPIRED,UNKNOWN,NOT_REQUESTED,False,P4,,False,PRIORITY_INDUSTRY_OFFICIAL_COMPLEX_UNCONFIRMED,False
K131112608260033,기계,UNKNOWN,True,ACTIVE,UNKNOWN,NOT_REQUESTED,False,P4,,False,PRIORITY_INDUSTRY_OFFICIAL_COMPLEX_UNCONFIRMED,False
K131112608270015,기계,UNKNOWN,True,ACTIVE,UNKNOWN,NOT_REQUESTED,False,P4,,False,PRIORITY_INDUSTRY_OFFICIAL_COMPLEX_UNCONFIRMED,False
K131112608270029,기계,UNKNOWN,True,ACTIVE,UNKNOWN,NOT_REQUESTED,False,P4,,False,PRIORITY_INDUSTRY_OFFICIAL_COMPLEX_UNCONFIRMED,False
K131112608270034,기계,UNKNOWN,True,ACTIVE,UNKNOWN,NOT_REQUESTED,False,P4,,False,PRIORITY_INDUSTRY_OFFICIAL_COMPLEX_UNCONFIRMED,False
K131112608270035,기계,UNKNOWN,True,ACTIVE,UNKNOWN,NOT_REQUESTED,False,P4,,False,PRIORITY_INDUSTRY_OFFICIAL_COMPLEX_UNCONFIRMED,False
K131112608310019,기계,UNKNOWN,True,ACTIVE,UNKNOWN,NOT_REQUESTED,False,P4,,False,PRIORITY_INDUSTRY_OFFICIAL_COMPLEX_UNCONFIRMED,False
K131112608310024,기계,UNKNOWN,True,ACTIVE,UNKNOWN,NOT_REQUESTED,False,P4,,False,PRIORITY_INDUSTRY_OFFICIAL_COMPLEX_UNCONFIRMED,False
K131112609010009,기계,UNKNOWN,True,ACTIVE,UNKNOWN,NOT_REQUESTED,False,P4,,False,PRIORITY_INDUSTRY_OFFICIAL_COMPLEX_UNCONFIRMED,False
K131112609010010,기계,UNKNOWN,True,ACTIVE,UNKNOWN,NOT_REQUESTED,False,P4,,False,PRIORITY_INDUSTRY_OFFICIAL_COMPLEX_UNCONFIRMED,False
K131112609010011,기계,UNKNOWN,True,ACTIVE,UNKNOWN,NOT_REQUESTED,False,P4,,False,PRIORITY_INDUSTRY_OFFICIAL_COMPLEX_UNCONFIRMED,False
K131112609010039,기계,UNKNOWN,True,ACTIVE,UNKNOWN,NOT_REQUESTED,False,P4,,False,PRIORITY_INDUSTRY_OFFICIAL_COMPLEX_UNCONFIRMED,False
K131112609010047,기계,UNKNOWN,True,ACTIVE,UNKNOWN,NOT_REQUESTED,False,P4,,False,PRIORITY_INDUSTRY_OFFICIAL_COMPLEX_UNCONFIRMED,False
K131112609020001,기계,UNKNOWN,True,ACTIVE,UNKNOWN,NOT_REQUESTED,False,P4,,False,PRIORITY_INDUSTRY_OFFICIAL_COMPLEX_UNCONFIRMED,False
K131112609020011,기계,UNKNOWN,True,ACTIVE,UNKNOWN,NOT_REQUESTED,False,P4,,False,PRIORITY_INDUSTRY_OFFICIAL_COMPLEX_UNCONFIRMED,False
K131112609020025,기계,UNKNOWN,True,ACTIVE,UNKNOWN,NOT_REQUESTED,False,P4,,False,PRIORITY_INDUSTRY_OFFICIAL_COMPLEX_UNCONFIRMED,False
K131112609020063,기계,UNKNOWN,True,ACTIVE,UNKNOWN,NOT_REQUESTED,False,P4,,False,PRIORITY_INDUSTRY_OFFICIAL_COMPLEX_UNCONFIRMED,False
K131112609030020,기계,UNKNOWN,True,ACTIVE,UNKNOWN,NOT_REQUESTED,False,P4,,False,PRIORITY_INDUSTRY_OFFICIAL_COMPLEX_UNCONFIRMED,False
K131112609030026,기계,UNKNOWN,True,ACTIVE,UNKNOWN,NOT_REQUESTED,False,P4,,False,PRIORITY_INDUSTRY_OFFICIAL_COMPLEX_UNCONFIRMED,False
K131112609040001,기계,UNKNOWN,True,ACTIVE,UNKNOWN,NOT_REQUESTED,False,P4,,False,PRIORITY_INDUSTRY_OFFICIAL_COMPLEX_UNCONFIRMED,False
K131112609040010,기계,UNKNOWN,True,ACTIVE,UNKNOWN,NOT_REQUESTED,False,P4,,False,PRIORITY_INDUSTRY_OFFICIAL_COMPLEX_UNCONFIRMED,False
K131112609040011,기계,UNKNOWN,True,ACTIVE,UNKNOWN,NOT_REQUESTED,False,P4,,False,PRIORITY_INDUSTRY_OFFICIAL_COMPLEX_UNCONFIRMED,False
K131112609040012,기계,UNKNOWN,True,ACTIVE,UNKNOWN,NOT_REQUESTED,False,P4,,False,PRIORITY_INDUSTRY_OFFICIAL_COMPLEX_UNCONFIRMED,False
K131112609070005,기계,UNKNOWN,True,ACTIVE,UNKNOWN,NOT_REQUESTED,False,P4,,False,PRIORITY_INDUSTRY_OFFICIAL_COMPLEX_UNCONFIRMED,False
K131112609070016,기계,UNKNOWN,True,ACTIVE,UNKNOWN,NOT_REQUESTED,False,P4,,False,PRIORITY_INDUSTRY_OFFICIAL_COMPLEX_UNCONFIRMED,False
K131112609070021,기계,UNKNOWN,True,EXPIRED,UNKNOWN,NOT_REQUESTED,False,P4,,False,PRIORITY_INDUSTRY_OFFICIAL_COMPLEX_UNCONFIRMED,False
K131112609070046,기계,UNKNOWN,True,ACTIVE,UNKNOWN,NOT_REQUESTED,False,P4,,False,PRIORITY_INDUSTRY_OFFICIAL_COMPLEX_UNCONFIRMED,False
K131112609070056,기계,UNKNOWN,True,EXPIRED,UNKNOWN,NOT_REQUESTED,False,P4,,False,PRIORITY_INDUSTRY_OFFICIAL_COMPLEX_UNCONFIRMED,False
K131112609070058,기계,UNKNOWN,True,ACTIVE,UNKNOWN,NOT_REQUESTED,False,P4,,False,PRIORITY_INDUSTRY_OFFICIAL_COMPLEX_UNCONFIRMED,False
K131112609080007,기계,UNKNOWN,True,ACTIVE,UNKNOWN,NOT_REQUESTED,False,P4,,False,PRIORITY_INDUSTRY_OFFICIAL_COMPLEX_UNCONFIRMED,False
K131112609080020,기계,UNKNOWN,True,EXPIRED,UNKNOWN,NOT_REQUESTED,False,P4,,False,PRIORITY_INDUSTRY_OFFICIAL_COMPLEX_UNCONFIRMED,False
K131112609090007,기계,UNKNOWN,True,ACTIVE,UNKNOWN,NOT_REQUESTED,False,P4,,False,PRIORITY_INDUSTRY_OFFICIAL_COMPLEX_UNCONFIRMED,False
K131112609090041,기계,UNKNOWN,True,ACTIVE,UNKNOWN,NOT_REQUESTED,False,P4,,False,PRIORITY_INDUSTRY_OFFICIAL_COMPLEX_UNCONFIRMED,False
K131112609100013,기계,UNKNOWN,True,ACTIVE,UNKNOWN,NOT_REQUESTED,False,P4,,False,PRIORITY_INDUSTRY_OFFICIAL_COMPLEX_UNCONFIRMED,False
K131112609110028,기계,UNKNOWN,True,ACTIVE,UNKNOWN,NOT_REQUESTED,False,P4,,False,PRIORITY_INDUSTRY_OFFICIAL_COMPLEX_UNCONFIRMED,False
K131112609110029,기계,UNKNOWN,True,ACTIVE,UNKNOWN,NOT_REQUESTED,False,P4,,False,PRIORITY_INDUSTRY_OFFICIAL_COMPLEX_UNCONFIRMED,False
K131112609140024,기계,UNKNOWN,True,ACTIVE,UNKNOWN,NOT_REQUESTED,False,P4,,False,PRIORITY_INDUSTRY_OFFICIAL_COMPLEX_UNCONFIRMED,False
K131112609140032,기계,UNKNOWN,True,ACTIVE,UNKNOWN,NOT_REQUESTED,False,P4,,False,PRIORITY_INDUSTRY_OFFICIAL_COMPLEX_UNCONFIRMED,False
K131112609140035,기계,UNKNOWN,True,ACTIVE,UNKNOWN,NOT_REQUESTED,False,P4,,False,PRIORITY_INDUSTRY_OFFICIAL_COMPLEX_UNCONFIRMED,False
K131112609140044,기계,UNKNOWN,True,ACTIVE,UNKNOWN,NOT_REQUESTED,False,P4,,False,PRIORITY_INDUSTRY_OFFICIAL_COMPLEX_UNCONFIRMED,False
K131112609150026,기계,POSSIBLE,True,ACTIVE,UNKNOWN,NOT_REQUESTED,False,P4,,False,PRIORITY_INDUSTRY_OFFICIAL_COMPLEX_UNCONFIRMED,False
K131112609150032,기계,UNKNOWN,True,EXPIRED,UNKNOWN,NOT_REQUESTED,False,P4,,False,PRIORITY_INDUSTRY_OFFICIAL_COMPLEX_UNCONFIRMED,False
K131112609160021,기계,UNKNOWN,True,ACTIVE,UNKNOWN,NOT_REQUESTED,False,P4,,False,PRIORITY_INDUSTRY_OFFICIAL_COMPLEX_UNCONFIRMED,False
K131112609170007,기계,POSSIBLE,True,ACTIVE,UNKNOWN,NOT_REQUESTED,False,P4,,False,PRIORITY_INDUSTRY_OFFICIAL_COMPLEX_UNCONFIRMED,False
K131112609170032,기계,UNKNOWN,True,ACTIVE,UNKNOWN,NOT_REQUESTED,False,P4,,False,PRIORITY_INDUSTRY_OFFICIAL_COMPLEX_UNCONFIRMED,False
K131112609170033,기계,UNKNOWN,True,ACTIVE,UNKNOWN,NOT_REQUESTED,False,P4,,False,PRIORITY_INDUSTRY_OFFICIAL_COMPLEX_UNCONFIRMED,False
K131112609180012,기계,UNKNOWN,True,ACTIVE,UNKNOWN,NOT_REQUESTED,False,P4,,False,PRIORITY_INDUSTRY_OFFICIAL_COMPLEX_UNCONFIRMED,False
K131112609180030,기계,UNKNOWN,True,ACTIVE,UNKNOWN,NOT_REQUESTED,False,P4,,False,PRIORITY_INDUSTRY_OFFICIAL_COMPLEX_UNCONFIRMED,False
K131132607210045,기계,UNKNOWN,True,EXPIRED,UNKNOWN,NOT_REQUESTED,False,P4,,False,PRIORITY_INDUSTRY_OFFICIAL_COMPLEX_UNCONFIRMED,False
K131132607230022,기계,UNKNOWN,True,EXPIRED,UNKNOWN,NOT_REQUESTED,False,P4,,False,PRIORITY_INDUSTRY_OFFICIAL_COMPLEX_UNCONFIRMED,False
K131132607230023,기계,UNKNOWN,True,EXPIRED,UNKNOWN,NOT_REQUESTED,False,P4,,False,PRIORITY_INDUSTRY_OFFICIAL_COMPLEX_UNCONFIRMED,False
K131132607270024,기계,UNKNOWN,True,ACTIVE,UNKNOWN,NOT_REQUESTED,False,P4,,False,PRIORITY_INDUSTRY_OFFICIAL_COMPLEX_UNCONFIRMED,False
K131132607270066,기계,UNKNOWN,True,ACTIVE,UNKNOWN,NOT_REQUESTED,False,P4,,False,PRIORITY_INDUSTRY_OFFICIAL_COMPLEX_UNCONFIRMED,False
K131132607280015,기계,POSSIBLE,True,ACTIVE,UNKNOWN,NOT_REQUESTED,False,P4,,False,PRIORITY_INDUSTRY_OFFICIAL_COMPLEX_UNCONFIRMED,False
K131132607300022,기계,UNKNOWN,True,ACTIVE,UNKNOWN,NOT_REQUESTED,False,P4,,False,PRIORITY_INDUSTRY_OFFICIAL_COMPLEX_UNCONFIRMED,False
K131132607310033,기계,UNKNOWN,True,ACTIVE,UNKNOWN,NOT_REQUESTED,False,P4,,False,PRIORITY_INDUSTRY_OFFICIAL_COMPLEX_UNCONFIRMED,False
K131132608030034,기계,POSSIBLE,True,ACTIVE,UNKNOWN,NOT_REQUESTED,False,P4,,False,PRIORITY_INDUSTRY_OFFICIAL_COMPLEX_UNCONFIRMED,False
K131132608040010,기계,POSSIBLE,True,ACTIVE,UNKNOWN,NOT_REQUESTED,False,P4,,False,PRIORITY_INDUSTRY_OFFICIAL_COMPLEX_UNCONFIRMED,False
K131132608040019,기계,UNKNOWN,True,ACTIVE,UNKNOWN,NOT_REQUESTED,False,P4,,False,PRIORITY_INDUSTRY_OFFICIAL_COMPLEX_UNCONFIRMED,False
K131132608050042,기계,POSSIBLE,True,ACTIVE,UNKNOWN,NOT_REQUESTED,False,P4,,False,PRIORITY_INDUSTRY_OFFICIAL_COMPLEX_UNCONFIRMED,False
K131132608050044,기계,UNKNOWN,True,ACTIVE,UNKNOWN,NOT_REQUESTED,False,P4,,False,PRIORITY_INDUSTRY_OFFICIAL_COMPLEX_UNCONFIRMED,False
K131132608050047,기계,UNKNOWN,True,ACTIVE,UNKNOWN,NOT_REQUESTED,False,P4,,False,PRIORITY_INDUSTRY_OFFICIAL_COMPLEX_UNCONFIRMED,False
K131132608060010,기계,UNKNOWN,True,ACTIVE,UNKNOWN,NOT_REQUESTED,False,P4,,False,PRIORITY_INDUSTRY_OFFICIAL_COMPLEX_UNCONFIRMED,False
K131132608070045,기계,UNKNOWN,True,ACTIVE,UNKNOWN,NOT_REQUESTED,False,P4,,False,PRIORITY_INDUSTRY_OFFICIAL_COMPLEX_UNCONFIRMED,False
K131132608100060,기계,UNKNOWN,True,ACTIVE,UNKNOWN,NOT_REQUESTED,False,P4,,False,PRIORITY_INDUSTRY_OFFICIAL_COMPLEX_UNCONFIRMED,False
K131132608100061,기계,UNKNOWN,True,ACTIVE,UNKNOWN,NOT_REQUESTED,False,P4,,False,PRIORITY_INDUSTRY_OFFICIAL_COMPLEX_UNCONFIRMED,False
K131132608100103,기계,POSSIBLE,True,ACTIVE,UNKNOWN,NOT_REQUESTED,False,P4,,False,PRIORITY_INDUSTRY_OFFICIAL_COMPLEX_UNCONFIRMED,False
K131132608120038,기계,POSSIBLE,True,ACTIVE,UNKNOWN,NOT_REQUESTED,False,P4,,False,PRIORITY_INDUSTRY_OFFICIAL_COMPLEX_UNCONFIRMED,False
K131132608120054,기계,POSSIBLE,True,ACTIVE,UNKNOWN,NOT_REQUESTED,False,P4,,False,PRIORITY_INDUSTRY_OFFICIAL_COMPLEX_UNCONFIRMED,False
K131132608120056,기계,POSSIBLE,True,ACTIVE,UNKNOWN,NOT_REQUESTED,False,P4,,False,PRIORITY_INDUSTRY_OFFICIAL_COMPLEX_UNCONFIRMED,False
K131132608120068,기계,UNKNOWN,True,ACTIVE,UNKNOWN,NOT_REQUESTED,False,P4,,False,PRIORITY_INDUSTRY_OFFICIAL_COMPLEX_UNCONFIRMED,False
K131132608130038,기계,UNKNOWN,True,ACTIVE,UNKNOWN,NOT_REQUESTED,False,P4,,False,PRIORITY_INDUSTRY_OFFICIAL_COMPLEX_UNCONFIRMED,False
K131132608140005,기계,POSSIBLE,True,ACTIVE,UNKNOWN,NOT_REQUESTED,False,P4,,False,PRIORITY_INDUSTRY_OFFICIAL_COMPLEX_UNCONFIRMED,False
K131132608140007,기계,POSSIBLE,True,ACTIVE,UNKNOWN,NOT_REQUESTED,False,P4,,False,PRIORITY_INDUSTRY_OFFICIAL_COMPLEX_UNCONFIRMED,False
K131132608180021,기계,POSSIBLE,True,ACTIVE,UNKNOWN,NOT_REQUESTED,False,P4,,False,PRIORITY_INDUSTRY_OFFICIAL_COMPLEX_UNCONFIRMED,False
K131132608180098,기계,POSSIBLE,True,ACTIVE,UNKNOWN,NOT_REQUESTED,False,P4,,False,PRIORITY_INDUSTRY_OFFICIAL_COMPLEX_UNCONFIRMED,False
K131132608180102,기계,POSSIBLE,True,ACTIVE,UNKNOWN,NOT_REQUESTED,False,P4,,False,PRIORITY_INDUSTRY_OFFICIAL_COMPLEX_UNCONFIRMED,False
K131132608190023,기계,UNKNOWN,True,ACTIVE,UNKNOWN,NOT_REQUESTED,False,P4,,False,PRIORITY_INDUSTRY_OFFICIAL_COMPLEX_UNCONFIRMED,False
K131132608190035,기계,POSSIBLE,True,ACTIVE,UNKNOWN,NOT_REQUESTED,False,P4,,False,PRIORITY_INDUSTRY_OFFICIAL_COMPLEX_UNCONFIRMED,False
K131132608190060,기계,UNKNOWN,True,ACTIVE,UNKNOWN,NOT_REQUESTED,False,P4,,False,PRIORITY_INDUSTRY_OFFICIAL_COMPLEX_UNCONFIRMED,False
K131132608200012,기계,POSSIBLE,True,ACTIVE,UNKNOWN,NOT_REQUESTED,False,P4,,False,PRIORITY_INDUSTRY_OFFICIAL_COMPLEX_UNCONFIRMED,False
K131132608200041,기계,POSSIBLE,True,ACTIVE,UNKNOWN,NOT_REQUESTED,False,P4,,False,PRIORITY_INDUSTRY_OFFICIAL_COMPLEX_UNCONFIRMED,False
K131132608200044,기계,UNKNOWN,True,ACTIVE,UNKNOWN,NOT_REQUESTED,False,P4,,False,PRIORITY_INDUSTRY_OFFICIAL_COMPLEX_UNCONFIRMED,False
K131132608210049,기계,UNKNOWN,True,ACTIVE,UNKNOWN,NOT_REQUESTED,False,P4,,False,PRIORITY_INDUSTRY_OFFICIAL_COMPLEX_UNCONFIRMED,False
K131132608210052,기계,UNKNOWN,True,ACTIVE,UNKNOWN,NOT_REQUESTED,False,P4,,False,PRIORITY_INDUSTRY_OFFICIAL_COMPLEX_UNCONFIRMED,False
K131132608240005,기계,UNKNOWN,True,ACTIVE,UNKNOWN,NOT_REQUESTED,False,P4,,False,PRIORITY_INDUSTRY_OFFICIAL_COMPLEX_UNCONFIRMED,False
K131132608240013,기계,POSSIBLE,True,ACTIVE,UNKNOWN,NOT_REQUESTED,False,P4,,False,PRIORITY_INDUSTRY_OFFICIAL_COMPLEX_UNCONFIRMED,False
K131132608240021,기계,POSSIBLE,True,ACTIVE,UNKNOWN,NOT_REQUESTED,False,P4,,False,PRIORITY_INDUSTRY_OFFICIAL_COMPLEX_UNCONFIRMED,False
K131132608240060,기계,UNKNOWN,True,ACTIVE,UNKNOWN,NOT_REQUESTED,False,P4,,False,PRIORITY_INDUSTRY_OFFICIAL_COMPLEX_UNCONFIRMED,False
K131132608250058,기계,UNKNOWN,True,ACTIVE,UNKNOWN,NOT_REQUESTED,False,P4,,False,PRIORITY_INDUSTRY_OFFICIAL_COMPLEX_UNCONFIRMED,False
K131132608260079,기계,UNKNOWN,True,ACTIVE,UNKNOWN,NOT_REQUESTED,False,P4,,False,PRIORITY_INDUSTRY_OFFICIAL_COMPLEX_UNCONFIRMED,False
K131132608270042,기계,POSSIBLE,True,ACTIVE,UNKNOWN,NOT_REQUESTED,False,P4,,False,PRIORITY_INDUSTRY_OFFICIAL_COMPLEX_UNCONFIRMED,False
K131132608270044,기계,POSSIBLE,True,ACTIVE,UNKNOWN,NOT_REQUESTED,False,P4,,False,PRIORITY_INDUSTRY_OFFICIAL_COMPLEX_UNCONFIRMED,False
K131132608270047,기계,POSSIBLE,True,ACTIVE,UNKNOWN,NOT_REQUESTED,False,P4,,False,PRIORITY_INDUSTRY_OFFICIAL_COMPLEX_UNCONFIRMED,False
K131132608310002,기계,UNKNOWN,True,ACTIVE,UNKNOWN,NOT_REQUESTED,False,P4,,False,PRIORITY_INDUSTRY_OFFICIAL_COMPLEX_UNCONFIRMED,False
K131132608310003,기계,UNKNOWN,True,ACTIVE,UNKNOWN,NOT_REQUESTED,False,P4,,False,PRIORITY_INDUSTRY_OFFICIAL_COMPLEX_UNCONFIRMED,False
K131132608310041,기계,UNKNOWN,True,ACTIVE,UNKNOWN,NOT_REQUESTED,False,P4,,False,PRIORITY_INDUSTRY_OFFICIAL_COMPLEX_UNCONFIRMED,False
K131132608310044,기계,POSSIBLE,True,ACTIVE,UNKNOWN,NOT_REQUESTED,False,P4,,False,PRIORITY_INDUSTRY_OFFICIAL_COMPLEX_UNCONFIRMED,False
K131132609010013,기계,POSSIBLE,True,ACTIVE,UNKNOWN,NOT_REQUESTED,False,P4,,False,PRIORITY_INDUSTRY_OFFICIAL_COMPLEX_UNCONFIRMED,False
K131132609020029,기계,POSSIBLE,True,ACTIVE,UNKNOWN,NOT_REQUESTED,False,P4,,False,PRIORITY_INDUSTRY_OFFICIAL_COMPLEX_UNCONFIRMED,False
K131132609020043,기계,UNKNOWN,True,ACTIVE,UNKNOWN,NOT_REQUESTED,False,P4,,False,PRIORITY_INDUSTRY_OFFICIAL_COMPLEX_UNCONFIRMED,False
K131132609020044,기계,UNKNOWN,True,ACTIVE,UNKNOWN,NOT_REQUESTED,False,P4,,False,PRIORITY_INDUSTRY_OFFICIAL_COMPLEX_UNCONFIRMED,False
K131132609020051,기계,UNKNOWN,True,ACTIVE,UNKNOWN,NOT_REQUESTED,False,P4,,False,PRIORITY_INDUSTRY_OFFICIAL_COMPLEX_UNCONFIRMED,False
K131132609020071,기계,UNKNOWN,True,ACTIVE,UNKNOWN,NOT_REQUESTED,False,P4,,False,PRIORITY_INDUSTRY_OFFICIAL_COMPLEX_UNCONFIRMED,False
K131132609030028,기계,UNKNOWN,True,ACTIVE,UNKNOWN,NOT_REQUESTED,False,P4,,False,PRIORITY_INDUSTRY_OFFICIAL_COMPLEX_UNCONFIRMED,False
K131132609030029,기계,UNKNOWN,True,ACTIVE,UNKNOWN,NOT_REQUESTED,False,P4,,False,PRIORITY_INDUSTRY_OFFICIAL_COMPLEX_UNCONFIRMED,False
K131132609030057,기계,UNKNOWN,True,ACTIVE,UNKNOWN,NOT_REQUESTED,False,P4,,False,PRIORITY_INDUSTRY_OFFICIAL_COMPLEX_UNCONFIRMED,False
K131132609030062,기계,UNKNOWN,True,ACTIVE,UNKNOWN,NOT_REQUESTED,False,P4,,False,PRIORITY_INDUSTRY_OFFICIAL_COMPLEX_UNCONFIRMED,False
K131132609040011,기계,UNKNOWN,True,EXPIRED,UNKNOWN,NOT_REQUESTED,False,P4,,False,PRIORITY_INDUSTRY_OFFICIAL_COMPLEX_UNCONFIRMED,False
K131132609040023,기계,POSSIBLE,True,ACTIVE,UNKNOWN,NOT_REQUESTED,False,P4,,False,PRIORITY_INDUSTRY_OFFICIAL_COMPLEX_UNCONFIRMED,False
K131132609040040,기계,POSSIBLE,True,ACTIVE,UNKNOWN,NOT_REQUESTED,False,P4,,False,PRIORITY_INDUSTRY_OFFICIAL_COMPLEX_UNCONFIRMED,False
K131132609040042,기계,POSSIBLE,True,ACTIVE,UNKNOWN,NOT_REQUESTED,False,P4,,False,PRIORITY_INDUSTRY_OFFICIAL_COMPLEX_UNCONFIRMED,False
K131132609070038,기계,UNKNOWN,True,ACTIVE,UNKNOWN,NOT_REQUESTED,False,P4,,False,PRIORITY_INDUSTRY_OFFICIAL_COMPLEX_UNCONFIRMED,False
K131132609070054,기계,UNKNOWN,True,ACTIVE,UNKNOWN,NOT_REQUESTED,False,P4,,False,PRIORITY_INDUSTRY_OFFICIAL_COMPLEX_UNCONFIRMED,False
K131132609070062,기계,UNKNOWN,True,ACTIVE,UNKNOWN,NOT_REQUESTED,False,P4,,False,PRIORITY_INDUSTRY_OFFICIAL_COMPLEX_UNCONFIRMED,False
K131132609070064,기계,POSSIBLE,True,ACTIVE,UNKNOWN,NOT_REQUESTED,False,P4,,False,PRIORITY_INDUSTRY_OFFICIAL_COMPLEX_UNCONFIRMED,False
K131132609080011,기계,UNKNOWN,True,EXPIRED,UNKNOWN,NOT_REQUESTED,False,P4,,False,PRIORITY_INDUSTRY_OFFICIAL_COMPLEX_UNCONFIRMED,False
K131132609080020,기계,UNKNOWN,True,EXPIRED,UNKNOWN,NOT_REQUESTED,False,P4,,False,PRIORITY_INDUSTRY_OFFICIAL_COMPLEX_UNCONFIRMED,False
K131132609080027,기계,UNKNOWN,True,ACTIVE,UNKNOWN,NOT_REQUESTED,False,P4,,False,PRIORITY_INDUSTRY_OFFICIAL_COMPLEX_UNCONFIRMED,False
K131132609080028,기계,UNKNOWN,True,ACTIVE,UNKNOWN,NOT_REQUESTED,False,P4,,False,PRIORITY_INDUSTRY_OFFICIAL_COMPLEX_UNCONFIRMED,False
K131132609080038,기계,POSSIBLE,True,EXPIRED,UNKNOWN,NOT_REQUESTED,False,P4,,False,PRIORITY_INDUSTRY_OFFICIAL_COMPLEX_UNCONFIRMED,False
K131132609080091,기계,UNKNOWN,True,ACTIVE,UNKNOWN,NOT_REQUESTED,False,P4,,False,PRIORITY_INDUSTRY_OFFICIAL_COMPLEX_UNCONFIRMED,False
K131132609090003,기계,UNKNOWN,True,EXPIRED,UNKNOWN,NOT_REQUESTED,False,P4,,False,PRIORITY_INDUSTRY_OFFICIAL_COMPLEX_UNCONFIRMED,False
K131132609090018,기계,UNKNOWN,True,EXPIRED,UNKNOWN,NOT_REQUESTED,False,P4,,False,PRIORITY_INDUSTRY_OFFICIAL_COMPLEX_UNCONFIRMED,False
K131132609090019,기계,UNKNOWN,True,ACTIVE,UNKNOWN,NOT_REQUESTED,False,P4,,False,PRIORITY_INDUSTRY_OFFICIAL_COMPLEX_UNCONFIRMED,False
K131132609090022,기계,UNKNOWN,True,ACTIVE,UNKNOWN,NOT_REQUESTED,False,P4,,False,PRIORITY_INDUSTRY_OFFICIAL_COMPLEX_UNCONFIRMED,False
K131132609090029,기계,POSSIBLE,True,ACTIVE,UNKNOWN,NOT_REQUESTED,False,P4,,False,PRIORITY_INDUSTRY_OFFICIAL_COMPLEX_UNCONFIRMED,False
K131132609090034,기계,UNKNOWN,True,ACTIVE,UNKNOWN,NOT_REQUESTED,False,P4,,False,PRIORITY_INDUSTRY_OFFICIAL_COMPLEX_UNCONFIRMED,False
K131132609090041,기계,UNKNOWN,True,ACTIVE,UNKNOWN,NOT_REQUESTED,False,P4,,False,PRIORITY_INDUSTRY_OFFICIAL_COMPLEX_UNCONFIRMED,False
K131132609090042,기계,UNKNOWN,True,ACTIVE,UNKNOWN,NOT_REQUESTED,False,P4,,False,PRIORITY_INDUSTRY_OFFICIAL_COMPLEX_UNCONFIRMED,False
K131132609090045,기계,UNKNOWN,True,ACTIVE,UNKNOWN,NOT_REQUESTED,False,P4,,False,PRIORITY_INDUSTRY_OFFICIAL_COMPLEX_UNCONFIRMED,False
K131132609090046,기계,UNKNOWN,True,ACTIVE,UNKNOWN,NOT_REQUESTED,False,P4,,False,PRIORITY_INDUSTRY_OFFICIAL_COMPLEX_UNCONFIRMED,False
K131132609090047,기계,UNKNOWN,True,ACTIVE,UNKNOWN,NOT_REQUESTED,False,P4,,False,PRIORITY_INDUSTRY_OFFICIAL_COMPLEX_UNCONFIRMED,False
K131132609090053,기계,POSSIBLE,True,ACTIVE,UNKNOWN,NOT_REQUESTED,False,P4,,False,PRIORITY_INDUSTRY_OFFICIAL_COMPLEX_UNCONFIRMED,False
K131132609110002,기계,UNKNOWN,True,ACTIVE,UNKNOWN,NOT_REQUESTED,False,P4,,False,PRIORITY_INDUSTRY_OFFICIAL_COMPLEX_UNCONFIRMED,False
K131132609110003,기계,POSSIBLE,True,ACTIVE,UNKNOWN,NOT_REQUESTED,False,P4,,False,PRIORITY_INDUSTRY_OFFICIAL_COMPLEX_UNCONFIRMED,False
K131132609110009,기계,POSSIBLE,True,ACTIVE,UNKNOWN,NOT_REQUESTED,False,P4,,False,PRIORITY_INDUSTRY_OFFICIAL_COMPLEX_UNCONFIRMED,False
K131132609110025,기계,UNKNOWN,True,ACTIVE,UNKNOWN,NOT_REQUESTED,False,P4,,False,PRIORITY_INDUSTRY_OFFICIAL_COMPLEX_UNCONFIRMED,False
K131132609110026,기계,UNKNOWN,True,ACTIVE,UNKNOWN,NOT_REQUESTED,False,P4,,False,PRIORITY_INDUSTRY_OFFICIAL_COMPLEX_UNCONFIRMED,False
K131132609110027,기계,UNKNOWN,True,ACTIVE,UNKNOWN,NOT_REQUESTED,False,P4,,False,PRIORITY_INDUSTRY_OFFICIAL_COMPLEX_UNCONFIRMED,False
K131132609110034,기계,UNKNOWN,True,ACTIVE,UNKNOWN,NOT_REQUESTED,False,P4,,False,PRIORITY_INDUSTRY_OFFICIAL_COMPLEX_UNCONFIRMED,False
K131132609110035,기계,UNKNOWN,True,ACTIVE,UNKNOWN,NOT_REQUESTED,False,P4,,False,PRIORITY_INDUSTRY_OFFICIAL_COMPLEX_UNCONFIRMED,False
K131132609110037,기계,UNKNOWN,True,ACTIVE,UNKNOWN,NOT_REQUESTED,False,P4,,False,PRIORITY_INDUSTRY_OFFICIAL_COMPLEX_UNCONFIRMED,False
K131132609110048,기계,POSSIBLE,True,ACTIVE,UNKNOWN,NOT_REQUESTED,False,P4,,False,PRIORITY_INDUSTRY_OFFICIAL_COMPLEX_UNCONFIRMED,False
K131132609140002,기계,POSSIBLE,True,ACTIVE,UNKNOWN,NOT_REQUESTED,False,P4,,False,PRIORITY_INDUSTRY_OFFICIAL_COMPLEX_UNCONFIRMED,False
K131132609140004,기계,UNKNOWN,True,ACTIVE,UNKNOWN,NOT_REQUESTED,False,P4,,False,PRIORITY_INDUSTRY_OFFICIAL_COMPLEX_UNCONFIRMED,False
K131132609140008,기계,UNKNOWN,True,ACTIVE,UNKNOWN,NOT_REQUESTED,False,P4,,False,PRIORITY_INDUSTRY_OFFICIAL_COMPLEX_UNCONFIRMED,False
K131132609140014,기계,UNKNOWN,True,ACTIVE,UNKNOWN,NOT_REQUESTED,False,P4,,False,PRIORITY_INDUSTRY_OFFICIAL_COMPLEX_UNCONFIRMED,False
K131132609140015,기계,POSSIBLE,True,ACTIVE,UNKNOWN,NOT_REQUESTED,False,P4,,False,PRIORITY_INDUSTRY_OFFICIAL_COMPLEX_UNCONFIRMED,False
K131132609140017,기계,UNKNOWN,True,ACTIVE,UNKNOWN,NOT_REQUESTED,False,P4,,False,PRIORITY_INDUSTRY_OFFICIAL_COMPLEX_UNCONFIRMED,False
K131132609140034,기계,POSSIBLE,True,ACTIVE,UNKNOWN,NOT_REQUESTED,False,P4,,False,PRIORITY_INDUSTRY_OFFICIAL_COMPLEX_UNCONFIRMED,False
K131132609140049,기계,UNKNOWN,True,ACTIVE,UNKNOWN,NOT_REQUESTED,False,P4,,False,PRIORITY_INDUSTRY_OFFICIAL_COMPLEX_UNCONFIRMED,False
K131132609140058,기계,UNKNOWN,True,ACTIVE,UNKNOWN,NOT_REQUESTED,False,P4,,False,PRIORITY_INDUSTRY_OFFICIAL_COMPLEX_UNCONFIRMED,False
K131132609140072,기계,UNKNOWN,True,ACTIVE,UNKNOWN,NOT_REQUESTED,False,P4,,False,PRIORITY_INDUSTRY_OFFICIAL_COMPLEX_UNCONFIRMED,False
K131132609140083,기계,UNKNOWN,True,ACTIVE,UNKNOWN,NOT_REQUESTED,False,P4,,False,PRIORITY_INDUSTRY_OFFICIAL_COMPLEX_UNCONFIRMED,False
K131132609150015,기계,POSSIBLE,True,ACTIVE,UNKNOWN,NOT_REQUESTED,False,P4,,False,PRIORITY_INDUSTRY_OFFICIAL_COMPLEX_UNCONFIRMED,False
K131132609150024,기계,UNKNOWN,True,ACTIVE,UNKNOWN,NOT_REQUESTED,False,P4,,False,PRIORITY_INDUSTRY_OFFICIAL_COMPLEX_UNCONFIRMED,False
K131132609150027,기계,POSSIBLE,True,ACTIVE,UNKNOWN,NOT_REQUESTED,False,P4,,False,PRIORITY_INDUSTRY_OFFICIAL_COMPLEX_UNCONFIRMED,False
K131132609160023,기계,POSSIBLE,True,ACTIVE,UNKNOWN,NOT_REQUESTED,False,P4,,False,PRIORITY_INDUSTRY_OFFICIAL_COMPLEX_UNCONFIRMED,False
K131132609160044,기계,UNKNOWN,True,ACTIVE,UNKNOWN,NOT_REQUESTED,False,P4,,False,PRIORITY_INDUSTRY_OFFICIAL_COMPLEX_UNCONFIRMED,False
K131132609170003,기계,POSSIBLE,True,ACTIVE,UNKNOWN,NOT_REQUESTED,False,P4,,False,PRIORITY_INDUSTRY_OFFICIAL_COMPLEX_UNCONFIRMED,False
K131132609170004,기계,POSSIBLE,True,ACTIVE,UNKNOWN,NOT_REQUESTED,False,P4,,False,PRIORITY_INDUSTRY_OFFICIAL_COMPLEX_UNCONFIRMED,False
K131132609170035,기계,POSSIBLE,True,ACTIVE,UNKNOWN,NOT_REQUESTED,False,P4,,False,PRIORITY_INDUSTRY_OFFICIAL_COMPLEX_UNCONFIRMED,False
K131132609170036,기계,POSSIBLE,True,ACTIVE,UNKNOWN,NOT_REQUESTED,False,P4,,False,PRIORITY_INDUSTRY_OFFICIAL_COMPLEX_UNCONFIRMED,False
K131132609170054,기계,UNKNOWN,True,ACTIVE,UNKNOWN,NOT_REQUESTED,False,P4,,False,PRIORITY_INDUSTRY_OFFICIAL_COMPLEX_UNCONFIRMED,False
K131132609180015,기계,UNKNOWN,True,ACTIVE,UNKNOWN,NOT_REQUESTED,False,P4,,False,PRIORITY_INDUSTRY_OFFICIAL_COMPLEX_UNCONFIRMED,False
K131132609180016,기계,UNKNOWN,True,ACTIVE,UNKNOWN,NOT_REQUESTED,False,P4,,False,PRIORITY_INDUSTRY_OFFICIAL_COMPLEX_UNCONFIRMED,False
K131132609180021,기계,UNKNOWN,True,ACTIVE,UNKNOWN,NOT_REQUESTED,False,P4,,False,PRIORITY_INDUSTRY_OFFICIAL_COMPLEX_UNCONFIRMED,False
K131132609180022,기계,UNKNOWN,True,ACTIVE,UNKNOWN,NOT_REQUESTED,False,P4,,False,PRIORITY_INDUSTRY_OFFICIAL_COMPLEX_UNCONFIRMED,False
K131132609180036,기계,UNKNOWN,True,ACTIVE,UNKNOWN,NOT_REQUESTED,False,P4,,False,PRIORITY_INDUSTRY_OFFICIAL_COMPLEX_UNCONFIRMED,False
K131132609180046,기계,POSSIBLE,True,ACTIVE,CORE_INDUSTRIAL,SUCCESS,False,P4,,False,PRIORITY_INDUSTRY_OFFICIAL_COMPLEX_UNCONFIRMED,False
KEC0132608250005,기계,UNKNOWN,True,ACTIVE,UNKNOWN,NOT_REQUESTED,False,P4,,False,PRIORITY_INDUSTRY_OFFICIAL_COMPLEX_UNCONFIRMED,False
KEC0132609170004,기계,UNKNOWN,True,ACTIVE,UNKNOWN,NOT_REQUESTED,False,P4,,False,PRIORITY_INDUSTRY_OFFICIAL_COMPLEX_UNCONFIRMED,False
KEC0132609170005,기계,UNKNOWN,True,ACTIVE,UNKNOWN,NOT_REQUESTED,False,P4,,False,PRIORITY_INDUSTRY_OFFICIAL_COMPLEX_UNCONFIRMED,False
KF10532607220004,기계,UNKNOWN,True,EXPIRED,UNKNOWN,NOT_REQUESTED,False,P4,,False,PRIORITY_INDUSTRY_OFFICIAL_COMPLEX_UNCONFIRMED,False
KF10532608200001,기계,UNKNOWN,True,ACTIVE,UNKNOWN,NOT_REQUESTED,False,P4,,False,PRIORITY_INDUSTRY_OFFICIAL_COMPLEX_UNCONFIRMED,False
KF10532608240003,기계,UNKNOWN,True,ACTIVE,UNKNOWN,NOT_REQUESTED,False,P4,,False,PRIORITY_INDUSTRY_OFFICIAL_COMPLEX_UNCONFIRMED,False
KF10532609180005,기계,UNKNOWN,True,ACTIVE,CORE_INDUSTRIAL,SUCCESS,False,P4,,False,PRIORITY_INDUSTRY_OFFICIAL_COMPLEX_UNCONFIRMED,False
KF10792608110001,기계,UNKNOWN,True,ACTIVE,UNKNOWN,NOT_REQUESTED,False,P4,,False,PRIORITY_INDUSTRY_OFFICIAL_COMPLEX_UNCONFIRMED,False
KF10792608140011,기계,UNKNOWN,True,ACTIVE,UNKNOWN,NOT_REQUESTED,False,P4,,False,PRIORITY_INDUSTRY_OFFICIAL_COMPLEX_UNCONFIRMED,False
KF10792608190010,기계,UNKNOWN,True,ACTIVE,UNKNOWN,NOT_REQUESTED,False,P4,,False,PRIORITY_INDUSTRY_OFFICIAL_COMPLEX_UNCONFIRMED,False
KF10792609160005,기계,UNKNOWN,True,ACTIVE,UNKNOWN,NOT_REQUESTED,False,P4,,False,PRIORITY_INDUSTRY_OFFICIAL_COMPLEX_UNCONFIRMED,False
KF10802609150002,기계,UNKNOWN,True,ACTIVE,UNKNOWN,NOT_REQUESTED,False,P4,,False,PRIORITY_INDUSTRY_OFFICIAL_COMPLEX_UNCONFIRMED,False
KJSA002609100015,기계,UNKNOWN,True,ACTIVE,UNKNOWN,NOT_REQUESTED,False,P4,,False,PRIORITY_INDUSTRY_OFFICIAL_COMPLEX_UNCONFIRMED,False
KJSA002609100016,기계,UNKNOWN,True,ACTIVE,UNKNOWN,NOT_REQUESTED,False,P4,,False,PRIORITY_INDUSTRY_OFFICIAL_COMPLEX_UNCONFIRMED,False
KJSA002609100030,기계,UNKNOWN,True,ACTIVE,UNKNOWN,NOT_REQUESTED,False,P4,,False,PRIORITY_INDUSTRY_OFFICIAL_COMPLEX_UNCONFIRMED,False
KJSA002609100031,기계,UNKNOWN,True,ACTIVE,UNKNOWN,NOT_REQUESTED,False,P4,,False,PRIORITY_INDUSTRY_OFFICIAL_COMPLEX_UNCONFIRMED,False
KJSA002609100032,기계,UNKNOWN,True,ACTIVE,UNKNOWN,NOT_REQUESTED,False,P4,,False,PRIORITY_INDUSTRY_OFFICIAL_COMPLEX_UNCONFIRMED,False
KJSA002609100033,기계,UNKNOWN,True,ACTIVE,UNKNOWN,NOT_REQUESTED,False,P4,,False,PRIORITY_INDUSTRY_OFFICIAL_COMPLEX_UNCONFIRMED,False
KJSA002609100034,기계,UNKNOWN,True,ACTIVE,UNKNOWN,NOT_REQUESTED,False,P4,,False,PRIORITY_INDUSTRY_OFFICIAL_COMPLEX_UNCONFIRMED,False
KJSA002609140007,기계,UNKNOWN,True,ACTIVE,UNKNOWN,NOT_REQUESTED,False,P4,,False,PRIORITY_INDUSTRY_OFFICIAL_COMPLEX_UNCONFIRMED,False
KJSA002609140008,기계,UNKNOWN,True,ACTIVE,UNKNOWN,NOT_REQUESTED,False,P4,,False,PRIORITY_INDUSTRY_OFFICIAL_COMPLEX_UNCONFIRMED,False
KJSA002609140009,기계,UNKNOWN,True,ACTIVE,UNKNOWN,NOT_REQUESTED,False,P4,,False,PRIORITY_INDUSTRY_OFFICIAL_COMPLEX_UNCONFIRMED,False
K131112607280015,음식료,UNKNOWN,False,ACTIVE,UNKNOWN,NOT_REQUESTED,False,P5,,False,NON_PRIORITY_KICOX_MAPPING,False
K131112608060043,음식료,UNKNOWN,False,ACTIVE,UNKNOWN,NOT_REQUESTED,False,P5,,False,NON_PRIORITY_KICOX_MAPPING,False
K131112608200033,음식료,UNKNOWN,False,ACTIVE,UNKNOWN,NOT_REQUESTED,False,P5,,False,NON_PRIORITY_KICOX_MAPPING,False
K131112608200055,음식료,UNKNOWN,False,ACTIVE,UNKNOWN,NOT_REQUESTED,False,P5,,False,NON_PRIORITY_KICOX_MAPPING,False
K131112608240060,음식료,UNKNOWN,False,ACTIVE,UNKNOWN,NOT_REQUESTED,False,P5,,False,NON_PRIORITY_KICOX_MAPPING,False
K131112609080040,음식료,UNKNOWN,False,ACTIVE,UNKNOWN,NOT_REQUESTED,False,P5,,False,NON_PRIORITY_KICOX_MAPPING,False
K131112609150028,음식료,UNKNOWN,False,ACTIVE,UNKNOWN,NOT_REQUESTED,False,P5,,False,NON_PRIORITY_KICOX_MAPPING,False
K131112609180020,음식료,UNKNOWN,False,ACTIVE,UNKNOWN,NOT_REQUESTED,False,P5,,False,NON_PRIORITY_KICOX_MAPPING,False
K131132608260006,음식료,UNKNOWN,False,EXPIRED,UNKNOWN,NOT_REQUESTED,False,P5,,False,NON_PRIORITY_KICOX_MAPPING,False
K131132608270041,음식료,UNKNOWN,False,ACTIVE,UNKNOWN,NOT_REQUESTED,False,P5,,False,NON_PRIORITY_KICOX_MAPPING,False
K131132609090020,음식료,UNKNOWN,False,ACTIVE,UNKNOWN,NOT_REQUESTED,False,P5,,False,NON_PRIORITY_KICOX_MAPPING,False
K131132609100001,음식료,CONFIRMED,False,ACTIVE,UNKNOWN,NOT_REQUESTED,False,P5,,False,NON_PRIORITY_KICOX_MAPPING,False
K131132609100032,음식료,UNKNOWN,False,ACTIVE,UNKNOWN,NOT_REQUESTED,False,P5,,False,NON_PRIORITY_KICOX_MAPPING,False
K131132609140074,음식료,UNKNOWN,False,ACTIVE,UNKNOWN,NOT_REQUESTED,False,P5,,False,NON_PRIORITY_KICOX_MAPPING,False
KF10772609030003,음식료,UNKNOWN,False,ACTIVE,UNKNOWN,NOT_REQUESTED,False,P5,,False,NON_PRIORITY_KICOX_MAPPING,False
KJSA002609140005,음식료,UNKNOWN,False,ACTIVE,UNKNOWN,NOT_REQUESTED,False,P5,,False,NON_PRIORITY_KICOX_MAPPING,False
KJSA002609140006,음식료,UNKNOWN,False,ACTIVE,UNKNOWN,NOT_REQUESTED,False,P5,,False,NON_PRIORITY_KICOX_MAPPING,False
K131112608070007,석유화학,UNKNOWN,False,ACTIVE,UNKNOWN,NOT_REQUESTED,False,P5,,False,NON_PRIORITY_KICOX_MAPPING,False
K131112608120024,석유화학,UNKNOWN,False,ACTIVE,UNKNOWN,NOT_REQUESTED,False,P5,,False,NON_PRIORITY_KICOX_MAPPING,False
K131112609030037,석유화학,UNKNOWN,False,ACTIVE,UNKNOWN,NOT_REQUESTED,False,P5,,False,NON_PRIORITY_KICOX_MAPPING,False
K131112609090028,석유화학,UNKNOWN,False,ACTIVE,UNKNOWN,NOT_REQUESTED,False,P5,,False,NON_PRIORITY_KICOX_MAPPING,False
K131112609090030,석유화학,UNKNOWN,False,ACTIVE,UNKNOWN,NOT_REQUESTED,False,P5,,False,NON_PRIORITY_KICOX_MAPPING,False
K131112609090039,석유화학,UNKNOWN,False,ACTIVE,UNKNOWN,NOT_REQUESTED,False,P5,,False,NON_PRIORITY_KICOX_MAPPING,False
K131112609100033,석유화학,UNKNOWN,False,ACTIVE,UNKNOWN,NOT_REQUESTED,False,P5,,False,NON_PRIORITY_KICOX_MAPPING,False
K131132609070074,석유화학,CONFIRMED,False,ACTIVE,UNKNOWN,NOT_REQUESTED,False,P5,,False,NON_PRIORITY_KICOX_MAPPING,False
K131132609150012,석유화학,CONFIRMED,False,ACTIVE,UNKNOWN,NOT_REQUESTED,False,P5,,False,NON_PRIORITY_KICOX_MAPPING,False
K131132609150018,석유화학,POSSIBLE,False,ACTIVE,UNKNOWN,NOT_REQUESTED,False,P5,,False,NON_PRIORITY_KICOX_MAPPING,False
K131132609170008,석유화학,CONFIRMED,False,ACTIVE,UNKNOWN,NOT_REQUESTED,False,P5,,False,NON_PRIORITY_KICOX_MAPPING,False
KF10532609040001,석유화학,UNKNOWN,False,ACTIVE,UNKNOWN,NOT_REQUESTED,False,P5,,False,NON_PRIORITY_KICOX_MAPPING,False
KF10792608110010,석유화학,UNKNOWN,False,ACTIVE,UNKNOWN,NOT_REQUESTED,False,P5,,False,NON_PRIORITY_KICOX_MAPPING,False
K131112608060013,비금속,UNKNOWN,False,ACTIVE,UNKNOWN,NOT_REQUESTED,False,P5,,False,NON_PRIORITY_KICOX_MAPPING,False
K131112608280023,비금속,UNKNOWN,False,ACTIVE,UNKNOWN,NOT_REQUESTED,False,P5,,False,NON_PRIORITY_KICOX_MAPPING,False
K131132607300009,비금속,UNKNOWN,False,ACTIVE,UNKNOWN,NOT_REQUESTED,False,P5,,False,NON_PRIORITY_KICOX_MAPPING,False
K131132608260020,비금속,UNKNOWN,False,ACTIVE,UNKNOWN,NOT_REQUESTED,False,P5,,False,NON_PRIORITY_KICOX_MAPPING,False
K131132609100012,비금속,UNKNOWN,False,ACTIVE,UNKNOWN,NOT_REQUESTED,False,P5,,False,NON_PRIORITY_KICOX_MAPPING,False
K131132609140020,비금속,UNKNOWN,False,ACTIVE,UNKNOWN,NOT_REQUESTED,False,P5,,False,NON_PRIORITY_KICOX_MAPPING,False
KF10792609070009,비금속,UNKNOWN,False,ACTIVE,UNKNOWN,NOT_REQUESTED,False,P5,,False,NON_PRIORITY_KICOX_MAPPING,False
K131112608250031,철강,UNKNOWN,False,ACTIVE,UNKNOWN,NOT_REQUESTED,False,P5,,False,NON_PRIORITY_KICOX_MAPPING,False
K131112609100031,철강,POSSIBLE,False,ACTIVE,UNKNOWN,NOT_REQUESTED,False,P5,,False,NON_PRIORITY_KICOX_MAPPING,False
K131112609150027,철강,UNKNOWN,False,ACTIVE,UNKNOWN,NOT_REQUESTED,False,P5,,False,NON_PRIORITY_KICOX_MAPPING,False
K131112609180002,철강,UNKNOWN,False,ACTIVE,UNKNOWN,NOT_REQUESTED,False,P5,,False,NON_PRIORITY_KICOX_MAPPING,False
K131132607290016,철강,CONFIRMED,False,ACTIVE,UNKNOWN,NOT_REQUESTED,False,P5,,False,NON_PRIORITY_KICOX_MAPPING,False
K131132608060018,철강,POSSIBLE,False,ACTIVE,UNKNOWN,NOT_REQUESTED,False,P5,,False,NON_PRIORITY_KICOX_MAPPING,False
K131132608070005,철강,UNKNOWN,False,ACTIVE,UNKNOWN,NOT_REQUESTED,False,P5,,False,NON_PRIORITY_KICOX_MAPPING,False
K131132608070006,철강,UNKNOWN,False,ACTIVE,UNKNOWN,NOT_REQUESTED,False,P5,,False,NON_PRIORITY_KICOX_MAPPING,False
K131132608120057,철강,UNKNOWN,False,ACTIVE,UNKNOWN,NOT_REQUESTED,False,P5,,False,NON_PRIORITY_KICOX_MAPPING,False
K131132608250028,철강,CONFIRMED,False,ACTIVE,UNKNOWN,NOT_REQUESTED,False,P5,,False,NON_PRIORITY_KICOX_MAPPING,False
K131132608260048,철강,CONFIRMED,False,ACTIVE,UNKNOWN,NOT_REQUESTED,False,P5,,False,NON_PRIORITY_KICOX_MAPPING,False
K131132609010037,철강,UNKNOWN,False,ACTIVE,UNKNOWN,NOT_REQUESTED,False,P5,,False,NON_PRIORITY_KICOX_MAPPING,False
K131132609070070,철강,CONFIRMED,False,EXPIRED,UNKNOWN,NOT_REQUESTED,False,P5,,False,NON_PRIORITY_KICOX_MAPPING,False
K131132609080088,철강,UNKNOWN,False,ACTIVE,UNKNOWN,NOT_REQUESTED,False,P5,,False,NON_PRIORITY_KICOX_MAPPING,False
K131132609090004,철강,CONFIRMED,False,ACTIVE,UNKNOWN,NOT_REQUESTED,False,P5,,False,NON_PRIORITY_KICOX_MAPPING,False
K131132609140037,철강,UNKNOWN,False,ACTIVE,UNKNOWN,NOT_REQUESTED,False,P5,,False,NON_PRIORITY_KICOX_MAPPING,False
K131132609150032,철강,UNKNOWN,False,ACTIVE,UNKNOWN,NOT_REQUESTED,False,P5,,False,NON_PRIORITY_KICOX_MAPPING,False
K131132609150036,철강,UNKNOWN,False,ACTIVE,UNKNOWN,NOT_REQUESTED,False,P5,,False,NON_PRIORITY_KICOX_MAPPING,False
K131132609150038,철강,UNKNOWN,False,ACTIVE,UNKNOWN,NOT_REQUESTED,False,P5,,False,NON_PRIORITY_KICOX_MAPPING,False
K131132609170055,철강,UNKNOWN,False,ACTIVE,UNKNOWN,NOT_REQUESTED,False,P5,,False,NON_PRIORITY_KICOX_MAPPING,False
K131132609170056,철강,UNKNOWN,False,ACTIVE,UNKNOWN,NOT_REQUESTED,False,P5,,False,NON_PRIORITY_KICOX_MAPPING,False
KF10792609140004,철강,UNKNOWN,False,ACTIVE,UNKNOWN,NOT_REQUESTED,False,P5,,False,NON_PRIORITY_KICOX_MAPPING,False
K131112607230013,전기전자,UNKNOWN,False,EXPIRED,UNKNOWN,NOT_REQUESTED,False,P5,,False,NON_PRIORITY_KICOX_MAPPING,False
K131112608040027,전기전자,CONFIRMED,False,ACTIVE,UNKNOWN,NOT_REQUESTED,False,P5,,False,NON_PRIORITY_KICOX_MAPPING,False
K131112608130015,전기전자,UNKNOWN,False,EXPIRED,UNKNOWN,NOT_REQUESTED,False,P5,,False,NON_PRIORITY_KICOX_MAPPING,False
K131112608130016,전기전자,UNKNOWN,False,ACTIVE,UNKNOWN,NOT_REQUESTED,False,P5,,False,NON_PRIORITY_KICOX_MAPPING,False
K131112608210038,전기전자,UNKNOWN,False,ACTIVE,UNKNOWN,NOT_REQUESTED,False,P5,,False,NON_PRIORITY_KICOX_MAPPING,False
K131112608260037,전기전자,UNKNOWN,False,ACTIVE,UNKNOWN,NOT_REQUESTED,False,P5,,False,NON_PRIORITY_KICOX_MAPPING,False
K131112608310015,전기전자,UNKNOWN,False,ACTIVE,UNKNOWN,NOT_REQUESTED,False,P5,,False,NON_PRIORITY_KICOX_MAPPING,False
K131112608310047,전기전자,UNKNOWN,False,EXPIRED,UNKNOWN,NOT_REQUESTED,False,P5,,False,NON_PRIORITY_KICOX_MAPPING,False
K131112609020062,전기전자,UNKNOWN,False,ACTIVE,UNKNOWN,NOT_REQUESTED,False,P5,,False,NON_PRIORITY_KICOX_MAPPING,False
K131112609040013,전기전자,UNKNOWN,False,EXPIRED,UNKNOWN,NOT_REQUESTED,False,P5,,False,NON_PRIORITY_KICOX_MAPPING,False
K131112609040014,전기전자,UNKNOWN,False,EXPIRED,UNKNOWN,NOT_REQUESTED,False,P5,,False,NON_PRIORITY_KICOX_MAPPING,False
K131112609040015,전기전자,UNKNOWN,False,EXPIRED,UNKNOWN,NOT_REQUESTED,False,P5,,False,NON_PRIORITY_KICOX_MAPPING,False
K131112609040016,전기전자,UNKNOWN,False,EXPIRED,UNKNOWN,NOT_REQUESTED,False,P5,,False,NON_PRIORITY_KICOX_MAPPING,False
K131112609040017,전기전자,UNKNOWN,False,EXPIRED,UNKNOWN,NOT_REQUESTED,False,P5,,False,NON_PRIORITY_KICOX_MAPPING,False
K131112609040018,전기전자,UNKNOWN,False,EXPIRED,UNKNOWN,NOT_REQUESTED,False,P5,,False,NON_PRIORITY_KICOX_MAPPING,False
K131112609040019,전기전자,UNKNOWN,False,EXPIRED,UNKNOWN,NOT_REQUESTED,False,P5,,False,NON_PRIORITY_KICOX_MAPPING,False
K131112609040020,전기전자,UNKNOWN,False,EXPIRED,UNKNOWN,NOT_REQUESTED,False,P5,,False,NON_PRIORITY_KICOX_MAPPING,False
K131112609040035,전기전자,UNKNOWN,False,ACTIVE,UNKNOWN,NOT_REQUESTED,False,P5,,False,NON_PRIORITY_KICOX_MAPPING,False
K131112609080026,전기전자,UNKNOWN,False,ACTIVE,UNKNOWN,NOT_REQUESTED,False,P5,,False,NON_PRIORITY_KICOX_MAPPING,False
K131112609090024,전기전자,UNKNOWN,False,ACTIVE,UNKNOWN,NOT_REQUESTED,False,P5,,False,NON_PRIORITY_KICOX_MAPPING,False
K131112609100002,전기전자,UNKNOWN,False,ACTIVE,UNKNOWN,NOT_REQUESTED,False,P5,,False,NON_PRIORITY_KICOX_MAPPING,False
K131112609110026,전기전자,UNKNOWN,False,ACTIVE,UNKNOWN,NOT_REQUESTED,False,P5,,False,NON_PRIORITY_KICOX_MAPPING,False
K131112609150030,전기전자,UNKNOWN,False,ACTIVE,UNKNOWN,NOT_REQUESTED,False,P5,,False,NON_PRIORITY_KICOX_MAPPING,False
K131112609170035,전기전자,UNKNOWN,False,ACTIVE,UNKNOWN,NOT_REQUESTED,False,P5,,False,NON_PRIORITY_KICOX_MAPPING,False
K131132607220010,전기전자,CONFIRMED,False,EXPIRED,UNKNOWN,NOT_REQUESTED,False,P5,,False,NON_PRIORITY_KICOX_MAPPING,False
K131132607240050,전기전자,CONFIRMED,False,ACTIVE,UNKNOWN,NOT_REQUESTED,False,P5,,False,NON_PRIORITY_KICOX_MAPPING,False
K131132607270049,전기전자,CONFIRMED,False,ACTIVE,UNKNOWN,NOT_REQUESTED,False,P5,,False,NON_PRIORITY_KICOX_MAPPING,False
K131132607290007,전기전자,CONFIRMED,False,ACTIVE,UNKNOWN,NOT_REQUESTED,False,P5,,False,NON_PRIORITY_KICOX_MAPPING,False
K131132607290008,전기전자,CONFIRMED,False,ACTIVE,UNKNOWN,NOT_REQUESTED,False,P5,,False,NON_PRIORITY_KICOX_MAPPING,False
K131132607290009,전기전자,CONFIRMED,False,ACTIVE,UNKNOWN,NOT_REQUESTED,False,P5,,False,NON_PRIORITY_KICOX_MAPPING,False
K131132607310018,전기전자,CONFIRMED,False,ACTIVE,UNKNOWN,NOT_REQUESTED,False,P5,,False,NON_PRIORITY_KICOX_MAPPING,False
K131132608040009,전기전자,CONFIRMED,False,ACTIVE,UNKNOWN,NOT_REQUESTED,False,P5,,False,NON_PRIORITY_KICOX_MAPPING,False
K131132608040026,전기전자,CONFIRMED,False,ACTIVE,UNKNOWN,NOT_REQUESTED,False,P5,,False,NON_PRIORITY_KICOX_MAPPING,False
K131132608040029,전기전자,CONFIRMED,False,ACTIVE,UNKNOWN,NOT_REQUESTED,False,P5,,False,NON_PRIORITY_KICOX_MAPPING,False
K131132608100069,전기전자,UNKNOWN,False,ACTIVE,UNKNOWN,NOT_REQUESTED,False,P5,,False,NON_PRIORITY_KICOX_MAPPING,False
K131132608100091,전기전자,CONFIRMED,False,ACTIVE,UNKNOWN,NOT_REQUESTED,False,P5,,False,NON_PRIORITY_KICOX_MAPPING,False
K131132608120033,전기전자,POSSIBLE,False,ACTIVE,UNKNOWN,NOT_REQUESTED,False,P5,,False,NON_PRIORITY_KICOX_MAPPING,False
K131132608120034,전기전자,POSSIBLE,False,ACTIVE,UNKNOWN,NOT_REQUESTED,False,P5,,False,NON_PRIORITY_KICOX_MAPPING,False
K131132608120066,전기전자,UNKNOWN,False,ACTIVE,UNKNOWN,NOT_REQUESTED,False,P5,,False,NON_PRIORITY_KICOX_MAPPING,False
K131132608120067,전기전자,UNKNOWN,False,ACTIVE,UNKNOWN,NOT_REQUESTED,False,P5,,False,NON_PRIORITY_KICOX_MAPPING,False
K131132608140042,전기전자,CONFIRMED,False,ACTIVE,UNKNOWN,NOT_REQUESTED,False,P5,,False,NON_PRIORITY_KICOX_MAPPING,False
K131132608190050,전기전자,CONFIRMED,False,ACTIVE,UNKNOWN,NOT_REQUESTED,False,P5,,False,NON_PRIORITY_KICOX_MAPPING,False
K131132608200018,전기전자,UNKNOWN,False,ACTIVE,UNKNOWN,NOT_REQUESTED,False,P5,,False,NON_PRIORITY_KICOX_MAPPING,False
K131132608200052,전기전자,CONFIRMED,False,ACTIVE,UNKNOWN,NOT_REQUESTED,False,P5,,False,NON_PRIORITY_KICOX_MAPPING,False
K131132608210013,전기전자,CONFIRMED,False,ACTIVE,UNKNOWN,NOT_REQUESTED,False,P5,,False,NON_PRIORITY_KICOX_MAPPING,False
K131132608210014,전기전자,CONFIRMED,False,ACTIVE,UNKNOWN,NOT_REQUESTED,False,P5,,False,NON_PRIORITY_KICOX_MAPPING,False
K131132608210025,전기전자,UNKNOWN,False,EXPIRED,UNKNOWN,NOT_REQUESTED,False,P5,,False,NON_PRIORITY_KICOX_MAPPING,False
K131132608210026,전기전자,UNKNOWN,False,EXPIRED,UNKNOWN,NOT_REQUESTED,False,P5,,False,NON_PRIORITY_KICOX_MAPPING,False
K131132608240050,전기전자,UNKNOWN,False,ACTIVE,UNKNOWN,NOT_REQUESTED,False,P5,,False,NON_PRIORITY_KICOX_MAPPING,False
K131132608250060,전기전자,CONFIRMED,False,ACTIVE,UNKNOWN,NOT_REQUESTED,False,P5,,False,NON_PRIORITY_KICOX_MAPPING,False
K131132608260010,전기전자,UNKNOWN,False,ACTIVE,UNKNOWN,NOT_REQUESTED,False,P5,,False,NON_PRIORITY_KICOX_MAPPING,False
K131132608280022,전기전자,CONFIRMED,False,ACTIVE,UNKNOWN,NOT_REQUESTED,False,P5,,False,NON_PRIORITY_KICOX_MAPPING,False
K131132609010025,전기전자,UNKNOWN,False,ACTIVE,UNKNOWN,NOT_REQUESTED,False,P5,,False,NON_PRIORITY_KICOX_MAPPING,False
K131132609020065,전기전자,CONFIRMED,False,ACTIVE,UNKNOWN,NOT_REQUESTED,False,P5,,False,NON_PRIORITY_KICOX_MAPPING,False
K131132609030037,전기전자,CONFIRMED,False,EXPIRED,UNKNOWN,NOT_REQUESTED,False,P5,,False,NON_PRIORITY_KICOX_MAPPING,False
K131132609030038,전기전자,CONFIRMED,False,EXPIRED,UNKNOWN,NOT_REQUESTED,False,P5,,False,NON_PRIORITY_KICOX_MAPPING,False
K131132609040015,전기전자,CONFIRMED,False,ACTIVE,UNKNOWN,NOT_REQUESTED,False,P5,,False,NON_PRIORITY_KICOX_MAPPING,False
K131132609040016,전기전자,POSSIBLE,False,ACTIVE,UNKNOWN,NOT_REQUESTED,False,P5,,False,NON_PRIORITY_KICOX_MAPPING,False
K131132609040045,전기전자,POSSIBLE,False,EXPIRED,UNKNOWN,NOT_REQUESTED,False,P5,,False,NON_PRIORITY_KICOX_MAPPING,False
K131132609070006,전기전자,POSSIBLE,False,ACTIVE,UNKNOWN,NOT_REQUESTED,False,P5,,False,NON_PRIORITY_KICOX_MAPPING,False
K131132609070010,전기전자,CONFIRMED,False,ACTIVE,UNKNOWN,NOT_REQUESTED,False,P5,,False,NON_PRIORITY_KICOX_MAPPING,False
K131132609070046,전기전자,POSSIBLE,False,ACTIVE,UNKNOWN,NOT_REQUESTED,False,P5,,False,NON_PRIORITY_KICOX_MAPPING,False
K131132609070047,전기전자,CONFIRMED,False,ACTIVE,UNKNOWN,NOT_REQUESTED,False,P5,,False,NON_PRIORITY_KICOX_MAPPING,False
K131132609080003,전기전자,CONFIRMED,False,EXPIRED,UNKNOWN,NOT_REQUESTED,False,P5,,False,NON_PRIORITY_KICOX_MAPPING,False
K131132609080004,전기전자,CONFIRMED,False,EXPIRED,UNKNOWN,NOT_REQUESTED,False,P5,,False,NON_PRIORITY_KICOX_MAPPING,False
K131132609080005,전기전자,CONFIRMED,False,EXPIRED,UNKNOWN,NOT_REQUESTED,False,P5,,False,NON_PRIORITY_KICOX_MAPPING,False
K131132609080007,전기전자,CONFIRMED,False,EXPIRED,UNKNOWN,NOT_REQUESTED,False,P5,,False,NON_PRIORITY_KICOX_MAPPING,False
K131132609080081,전기전자,UNKNOWN,False,ACTIVE,UNKNOWN,NOT_REQUESTED,False,P5,,False,NON_PRIORITY_KICOX_MAPPING,False
K131132609080082,전기전자,UNKNOWN,False,ACTIVE,UNKNOWN,NOT_REQUESTED,False,P5,,False,NON_PRIORITY_KICOX_MAPPING,False
K131132609080096,전기전자,CONFIRMED,False,ACTIVE,UNKNOWN,NOT_REQUESTED,False,P5,,False,NON_PRIORITY_KICOX_MAPPING,False
K131132609090021,전기전자,CONFIRMED,False,ACTIVE,UNKNOWN,NOT_REQUESTED,False,P5,,False,NON_PRIORITY_KICOX_MAPPING,False
K131132609100006,전기전자,POSSIBLE,False,ACTIVE,UNKNOWN,NOT_REQUESTED,False,P5,,False,NON_PRIORITY_KICOX_MAPPING,False
K131132609100025,전기전자,CONFIRMED,False,ACTIVE,UNKNOWN,NOT_REQUESTED,False,P5,,False,NON_PRIORITY_KICOX_MAPPING,False
K131132609100028,전기전자,CONFIRMED,False,ACTIVE,UNKNOWN,NOT_REQUESTED,False,P5,,False,NON_PRIORITY_KICOX_MAPPING,False
K131132609100031,전기전자,CONFIRMED,False,ACTIVE,UNKNOWN,NOT_REQUESTED,False,P5,,False,NON_PRIORITY_KICOX_MAPPING,False
K131132609100034,전기전자,CONFIRMED,False,ACTIVE,UNKNOWN,NOT_REQUESTED,False,P5,,False,NON_PRIORITY_KICOX_MAPPING,False
K131132609110045,전기전자,UNKNOWN,False,ACTIVE,UNKNOWN,NOT_REQUESTED,False,P5,,False,NON_PRIORITY_KICOX_MAPPING,False
K131132609110049,전기전자,CONFIRMED,False,ACTIVE,UNKNOWN,NOT_REQUESTED,False,P5,,False,NON_PRIORITY_KICOX_MAPPING,False
K131132609140003,전기전자,CONFIRMED,False,ACTIVE,UNKNOWN,NOT_REQUESTED,False,P5,,False,NON_PRIORITY_KICOX_MAPPING,False
K131132609140016,전기전자,UNKNOWN,False,ACTIVE,UNKNOWN,NOT_REQUESTED,False,P5,,False,NON_PRIORITY_KICOX_MAPPING,False
K131132609140024,전기전자,POSSIBLE,False,ACTIVE,UNKNOWN,NOT_REQUESTED,False,P5,,False,NON_PRIORITY_KICOX_MAPPING,False
K131132609140039,전기전자,CONFIRMED,False,ACTIVE,UNKNOWN,NOT_REQUESTED,False,P5,,False,NON_PRIORITY_KICOX_MAPPING,False
K131132609140050,전기전자,CONFIRMED,False,ACTIVE,UNKNOWN,NOT_REQUESTED,False,P5,,False,NON_PRIORITY_KICOX_MAPPING,False
K131132609140053,전기전자,POSSIBLE,False,ACTIVE,UNKNOWN,NOT_REQUESTED,False,P5,,False,NON_PRIORITY_KICOX_MAPPING,False
K131132609150003,전기전자,CONFIRMED,False,ACTIVE,UNKNOWN,NOT_REQUESTED,False,P5,,False,NON_PRIORITY_KICOX_MAPPING,False
K131132609160002,전기전자,CONFIRMED,False,ACTIVE,UNKNOWN,NOT_REQUESTED,False,P5,,False,NON_PRIORITY_KICOX_MAPPING,False
K131132609160022,전기전자,CONFIRMED,False,ACTIVE,UNKNOWN,NOT_REQUESTED,False,P5,,False,NON_PRIORITY_KICOX_MAPPING,False
K131132609170021,전기전자,POSSIBLE,False,ACTIVE,UNKNOWN,NOT_REQUESTED,False,P5,,False,NON_PRIORITY_KICOX_MAPPING,False
K131132609170023,전기전자,POSSIBLE,False,ACTIVE,UNKNOWN,NOT_REQUESTED,False,P5,,False,NON_PRIORITY_KICOX_MAPPING,False
K131132609170033,전기전자,POSSIBLE,False,ACTIVE,UNKNOWN,NOT_REQUESTED,False,P5,,False,NON_PRIORITY_KICOX_MAPPING,False
K131132609180009,전기전자,UNKNOWN,False,ACTIVE,UNKNOWN,NOT_REQUESTED,False,P5,,False,NON_PRIORITY_KICOX_MAPPING,False
K131132609180019,전기전자,CONFIRMED,False,ACTIVE,UNKNOWN,NOT_REQUESTED,False,P5,,False,NON_PRIORITY_KICOX_MAPPING,False
K131132609180049,전기전자,UNKNOWN,False,ACTIVE,UNKNOWN,NOT_REQUESTED,False,P5,,False,NON_PRIORITY_KICOX_MAPPING,False
KEC0132609070004,전기전자,CONFIRMED,False,ACTIVE,UNKNOWN,NOT_REQUESTED,False,P5,,False,NON_PRIORITY_KICOX_MAPPING,False
KEC0132609070005,전기전자,CONFIRMED,False,ACTIVE,UNKNOWN,NOT_REQUESTED,False,P5,,False,NON_PRIORITY_KICOX_MAPPING,False
KEC0132609070006,전기전자,CONFIRMED,False,ACTIVE,UNKNOWN,NOT_REQUESTED,False,P5,,False,NON_PRIORITY_KICOX_MAPPING,False
KF10532608250003,전기전자,POSSIBLE,False,ACTIVE,UNKNOWN,NOT_REQUESTED,False,P5,,False,NON_PRIORITY_KICOX_MAPPING,False
KF10532609090002,전기전자,CONFIRMED,False,ACTIVE,UNKNOWN,NOT_REQUESTED,False,P5,,False,NON_PRIORITY_KICOX_MAPPING,False
KF10802607280012,전기전자,CONFIRMED,False,ACTIVE,UNKNOWN,NOT_REQUESTED,False,P5,,False,NON_PRIORITY_KICOX_MAPPING,False
KJSA002609090061,전기전자,UNKNOWN,False,ACTIVE,UNKNOWN,NOT_REQUESTED,False,P5,,False,NON_PRIORITY_KICOX_MAPPING,False
KJSA002609090062,전기전자,UNKNOWN,False,ACTIVE,UNKNOWN,NOT_REQUESTED,False,P5,,False,NON_PRIORITY_KICOX_MAPPING,False
K131112607220011,운송장비,UNKNOWN,False,EXPIRED,UNKNOWN,NOT_REQUESTED,False,P5,,False,NON_PRIORITY_KICOX_MAPPING,False
K131112608110009,운송장비,UNKNOWN,False,ACTIVE,UNKNOWN,NOT_REQUESTED,False,P5,,False,NON_PRIORITY_KICOX_MAPPING,False
K131112608110029,운송장비,UNKNOWN,False,ACTIVE,UNKNOWN,NOT_REQUESTED,False,P5,,False,NON_PRIORITY_KICOX_MAPPING,False
K131112608190021,운송장비,POSSIBLE,False,ACTIVE,UNKNOWN,NOT_REQUESTED,False,P5,,False,NON_PRIORITY_KICOX_MAPPING,False
K131112608250027,운송장비,UNKNOWN,False,ACTIVE,UNKNOWN,NOT_REQUESTED,False,P5,,False,NON_PRIORITY_KICOX_MAPPING,False
K131112608270022,운송장비,UNKNOWN,False,ACTIVE,UNKNOWN,NOT_REQUESTED,False,P5,,False,NON_PRIORITY_KICOX_MAPPING,False
K131112609070036,운송장비,UNKNOWN,False,ACTIVE,UNKNOWN,NOT_REQUESTED,False,P5,,False,NON_PRIORITY_KICOX_MAPPING,False
K131112609070044,운송장비,CONFIRMED,False,ACTIVE,UNKNOWN,NOT_REQUESTED,False,P5,,False,NON_PRIORITY_KICOX_MAPPING,False
K131112609070045,운송장비,CONFIRMED,False,ACTIVE,UNKNOWN,NOT_REQUESTED,False,P5,,False,NON_PRIORITY_KICOX_MAPPING,False
K131112609100011,운송장비,UNKNOWN,False,ACTIVE,UNKNOWN,NOT_REQUESTED,False,P5,,False,NON_PRIORITY_KICOX_MAPPING,False
K131112609150033,운송장비,UNKNOWN,False,ACTIVE,UNKNOWN,NOT_REQUESTED,False,P5,,False,NON_PRIORITY_KICOX_MAPPING,False
K131112609160004,운송장비,UNKNOWN,False,ACTIVE,UNKNOWN,NOT_REQUESTED,False,P5,,False,NON_PRIORITY_KICOX_MAPPING,False
K131112609160017,운송장비,UNKNOWN,False,ACTIVE,UNKNOWN,NOT_REQUESTED,False,P5,,False,NON_PRIORITY_KICOX_MAPPING,False
K131112609160020,운송장비,UNKNOWN,False,ACTIVE,UNKNOWN,NOT_REQUESTED,False,P5,,False,NON_PRIORITY_KICOX_MAPPING,False
K131112609170016,운송장비,UNKNOWN,False,ACTIVE,UNKNOWN,NOT_REQUESTED,False,P5,,False,NON_PRIORITY_KICOX_MAPPING,False
K131112609170020,운송장비,UNKNOWN,False,ACTIVE,UNKNOWN,NOT_REQUESTED,False,P5,,False,NON_PRIORITY_KICOX_MAPPING,False
K131112609170024,운송장비,UNKNOWN,False,ACTIVE,UNKNOWN,NOT_REQUESTED,False,P5,,False,NON_PRIORITY_KICOX_MAPPING,False
K131112609180017,운송장비,UNKNOWN,False,ACTIVE,UNKNOWN,NOT_REQUESTED,False,P5,,False,NON_PRIORITY_KICOX_MAPPING,False
K131112609180022,운송장비,UNKNOWN,False,ACTIVE,UNKNOWN,NOT_REQUESTED,False,P5,,False,NON_PRIORITY_KICOX_MAPPING,False
K131132607210031,운송장비,CONFIRMED,False,EXPIRED,UNKNOWN,NOT_REQUESTED,False,P5,,False,NON_PRIORITY_KICOX_MAPPING,False
K131132607210054,운송장비,POSSIBLE,False,EXPIRED,UNKNOWN,NOT_REQUESTED,False,P5,,False,NON_PRIORITY_KICOX_MAPPING,False
K131132607240058,운송장비,UNKNOWN,False,ACTIVE,UNKNOWN,NOT_REQUESTED,False,P5,,False,NON_PRIORITY_KICOX_MAPPING,False
K131132607310009,운송장비,UNKNOWN,False,ACTIVE,UNKNOWN,NOT_REQUESTED,False,P5,,False,NON_PRIORITY_KICOX_MAPPING,False
K131132607310010,운송장비,UNKNOWN,False,ACTIVE,UNKNOWN,NOT_REQUESTED,False,P5,,False,NON_PRIORITY_KICOX_MAPPING,False
K131132607310020,운송장비,POSSIBLE,False,ACTIVE,UNKNOWN,NOT_REQUESTED,False,P5,,False,NON_PRIORITY_KICOX_MAPPING,False
K131132607310021,운송장비,POSSIBLE,False,ACTIVE,UNKNOWN,NOT_REQUESTED,False,P5,,False,NON_PRIORITY_KICOX_MAPPING,False
K131132608040033,운송장비,CONFIRMED,False,ACTIVE,UNKNOWN,NOT_REQUESTED,False,P5,,False,NON_PRIORITY_KICOX_MAPPING,False
K131132608110002,운송장비,POSSIBLE,False,ACTIVE,UNKNOWN,NOT_REQUESTED,False,P5,,False,NON_PRIORITY_KICOX_MAPPING,False
K131132608110031,운송장비,CONFIRMED,False,ACTIVE,UNKNOWN,NOT_REQUESTED,False,P5,,False,NON_PRIORITY_KICOX_MAPPING,False
K131132608110044,운송장비,UNKNOWN,False,ACTIVE,UNKNOWN,NOT_REQUESTED,False,P5,,False,NON_PRIORITY_KICOX_MAPPING,False
K131132608120020,운송장비,CONFIRMED,False,ACTIVE,UNKNOWN,NOT_REQUESTED,False,P5,,False,NON_PRIORITY_KICOX_MAPPING,False
K131132608180075,운송장비,UNKNOWN,False,ACTIVE,UNKNOWN,NOT_REQUESTED,False,P5,,False,NON_PRIORITY_KICOX_MAPPING,False
K131132608190055,운송장비,UNKNOWN,False,ACTIVE,UNKNOWN,NOT_REQUESTED,False,P5,,False,NON_PRIORITY_KICOX_MAPPING,False
K131132608210018,운송장비,UNKNOWN,False,ACTIVE,UNKNOWN,NOT_REQUESTED,False,P5,,False,NON_PRIORITY_KICOX_MAPPING,False
K131132608210030,운송장비,UNKNOWN,False,ACTIVE,UNKNOWN,NOT_REQUESTED,False,P5,,False,NON_PRIORITY_KICOX_MAPPING,False
K131132608240048,운송장비,CONFIRMED,False,ACTIVE,UNKNOWN,NOT_REQUESTED,False,P5,,False,NON_PRIORITY_KICOX_MAPPING,False
K131132608240059,운송장비,CONFIRMED,False,ACTIVE,UNKNOWN,NOT_REQUESTED,False,P5,,False,NON_PRIORITY_KICOX_MAPPING,False
K131132608250001,운송장비,UNKNOWN,False,ACTIVE,UNKNOWN,NOT_REQUESTED,False,P5,,False,NON_PRIORITY_KICOX_MAPPING,False
K131132608250034,운송장비,CONFIRMED,False,EXPIRED,UNKNOWN,NOT_REQUESTED,False,P5,,False,NON_PRIORITY_KICOX_MAPPING,False
K131132608260021,운송장비,UNKNOWN,False,ACTIVE,UNKNOWN,NOT_REQUESTED,False,P5,,False,NON_PRIORITY_KICOX_MAPPING,False
K131132608260023,운송장비,UNKNOWN,False,ACTIVE,UNKNOWN,NOT_REQUESTED,False,P5,,False,NON_PRIORITY_KICOX_MAPPING,False
K131132608260056,운송장비,CONFIRMED,False,ACTIVE,UNKNOWN,NOT_REQUESTED,False,P5,,False,NON_PRIORITY_KICOX_MAPPING,False
K131132608260058,운송장비,CONFIRMED,False,ACTIVE,UNKNOWN,NOT_REQUESTED,False,P5,,False,NON_PRIORITY_KICOX_MAPPING,False
K131132608270040,운송장비,POSSIBLE,False,ACTIVE,UNKNOWN,NOT_REQUESTED,False,P5,,False,NON_PRIORITY_KICOX_MAPPING,False
K131132608280015,운송장비,UNKNOWN,False,ACTIVE,UNKNOWN,NOT_REQUESTED,False,P5,,False,NON_PRIORITY_KICOX_MAPPING,False
K131132608280039,운송장비,POSSIBLE,False,ACTIVE,UNKNOWN,NOT_REQUESTED,False,P5,,False,NON_PRIORITY_KICOX_MAPPING,False
K131132608310015,운송장비,CONFIRMED,False,EXPIRED,UNKNOWN,NOT_REQUESTED,False,P5,,False,NON_PRIORITY_KICOX_MAPPING,False
K131132608310037,운송장비,CONFIRMED,False,EXPIRED,UNKNOWN,NOT_REQUESTED,False,P5,,False,NON_PRIORITY_KICOX_MAPPING,False
K131132608310070,운송장비,POSSIBLE,False,ACTIVE,UNKNOWN,NOT_REQUESTED,False,P5,,False,NON_PRIORITY_KICOX_MAPPING,False
K131132609010056,운송장비,CONFIRMED,False,ACTIVE,UNKNOWN,NOT_REQUESTED,False,P5,,False,NON_PRIORITY_KICOX_MAPPING,False
K131132609020023,운송장비,UNKNOWN,False,ACTIVE,UNKNOWN,NOT_REQUESTED,False,P5,,False,NON_PRIORITY_KICOX_MAPPING,False
K131132609020070,운송장비,UNKNOWN,False,ACTIVE,UNKNOWN,NOT_REQUESTED,False,P5,,False,NON_PRIORITY_KICOX_MAPPING,False
K131132609030008,운송장비,POSSIBLE,False,ACTIVE,UNKNOWN,NOT_REQUESTED,False,P5,,False,NON_PRIORITY_KICOX_MAPPING,False
K131132609040020,운송장비,CONFIRMED,False,ACTIVE,UNKNOWN,NOT_REQUESTED,False,P5,,False,NON_PRIORITY_KICOX_MAPPING,False
K131132609040028,운송장비,UNKNOWN,False,ACTIVE,UNKNOWN,NOT_REQUESTED,False,P5,,False,NON_PRIORITY_KICOX_MAPPING,False
K131132609040044,운송장비,UNKNOWN,False,EXPIRED,UNKNOWN,NOT_REQUESTED,False,P5,,False,NON_PRIORITY_KICOX_MAPPING,False
K131132609070002,운송장비,CONFIRMED,False,ACTIVE,UNKNOWN,NOT_REQUESTED,False,P5,,False,NON_PRIORITY_KICOX_MAPPING,False
K131132609070028,운송장비,CONFIRMED,False,EXPIRED,UNKNOWN,NOT_REQUESTED,False,P5,,False,NON_PRIORITY_KICOX_MAPPING,False
K131132609070043,운송장비,UNKNOWN,False,EXPIRED,UNKNOWN,NOT_REQUESTED,False,P5,,False,NON_PRIORITY_KICOX_MAPPING,False
K131132609070080,운송장비,CONFIRMED,False,EXPIRED,UNKNOWN,NOT_REQUESTED,False,P5,,False,NON_PRIORITY_KICOX_MAPPING,False
K131132609070091,운송장비,UNKNOWN,False,EXPIRED,UNKNOWN,NOT_REQUESTED,False,P5,,False,NON_PRIORITY_KICOX_MAPPING,False
K131132609080043,운송장비,UNKNOWN,False,EXPIRED,UNKNOWN,NOT_REQUESTED,False,P5,,False,NON_PRIORITY_KICOX_MAPPING,False
K131132609080047,운송장비,UNKNOWN,False,EXPIRED,UNKNOWN,NOT_REQUESTED,False,P5,,False,NON_PRIORITY_KICOX_MAPPING,False
K131132609090033,운송장비,UNKNOWN,False,ACTIVE,UNKNOWN,NOT_REQUESTED,False,P5,,False,NON_PRIORITY_KICOX_MAPPING,False
K131132609090035,운송장비,UNKNOWN,False,ACTIVE,UNKNOWN,NOT_REQUESTED,False,P5,,False,NON_PRIORITY_KICOX_MAPPING,False
K131132609100018,운송장비,UNKNOWN,False,ACTIVE,UNKNOWN,NOT_REQUESTED,False,P5,,False,NON_PRIORITY_KICOX_MAPPING,False
K131132609100019,운송장비,UNKNOWN,False,ACTIVE,UNKNOWN,NOT_REQUESTED,False,P5,,False,NON_PRIORITY_KICOX_MAPPING,False
K131132609100033,운송장비,UNKNOWN,False,ACTIVE,UNKNOWN,NOT_REQUESTED,False,P5,,False,NON_PRIORITY_KICOX_MAPPING,False
K131132609100040,운송장비,UNKNOWN,False,ACTIVE,UNKNOWN,NOT_REQUESTED,False,P5,,False,NON_PRIORITY_KICOX_MAPPING,False
K131132609100046,운송장비,CONFIRMED,False,ACTIVE,UNKNOWN,NOT_REQUESTED,False,P5,,False,NON_PRIORITY_KICOX_MAPPING,False
K131132609100048,운송장비,CONFIRMED,False,ACTIVE,UNKNOWN,NOT_REQUESTED,False,P5,,False,NON_PRIORITY_KICOX_MAPPING,False
K131132609100050,운송장비,POSSIBLE,False,ACTIVE,UNKNOWN,NOT_REQUESTED,False,P5,,False,NON_PRIORITY_KICOX_MAPPING,False
K131132609110021,운송장비,CONFIRMED,False,ACTIVE,UNKNOWN,NOT_REQUESTED,False,P5,,False,NON_PRIORITY_KICOX_MAPPING,False
K131132609110041,운송장비,CONFIRMED,False,ACTIVE,UNKNOWN,NOT_REQUESTED,False,P5,,False,NON_PRIORITY_KICOX_MAPPING,False
K131132609110042,운송장비,CONFIRMED,False,ACTIVE,UNKNOWN,NOT_REQUESTED,False,P5,,False,NON_PRIORITY_KICOX_MAPPING,False
K131132609110043,운송장비,CONFIRMED,False,ACTIVE,UNKNOWN,NOT_REQUESTED,False,P5,,False,NON_PRIORITY_KICOX_MAPPING,False
K131132609140009,운송장비,POSSIBLE,False,ACTIVE,UNKNOWN,NOT_REQUESTED,False,P5,,False,NON_PRIORITY_KICOX_MAPPING,False
K131132609140012,운송장비,UNKNOWN,False,ACTIVE,UNKNOWN,NOT_REQUESTED,False,P5,,False,NON_PRIORITY_KICOX_MAPPING,False
K131132609140028,운송장비,UNKNOWN,False,ACTIVE,UNKNOWN,NOT_REQUESTED,False,P5,,False,NON_PRIORITY_KICOX_MAPPING,False
K131132609140029,운송장비,UNKNOWN,False,ACTIVE,UNKNOWN,NOT_REQUESTED,False,P5,,False,NON_PRIORITY_KICOX_MAPPING,False
K131132609140032,운송장비,CONFIRMED,False,ACTIVE,UNKNOWN,NOT_REQUESTED,False,P5,,False,NON_PRIORITY_KICOX_MAPPING,False
K131132609140044,운송장비,UNKNOWN,False,ACTIVE,UNKNOWN,NOT_REQUESTED,False,P5,,False,NON_PRIORITY_KICOX_MAPPING,False
K131132609140056,운송장비,UNKNOWN,False,ACTIVE,UNKNOWN,NOT_REQUESTED,False,P5,,False,NON_PRIORITY_KICOX_MAPPING,False
K131132609140077,운송장비,POSSIBLE,False,ACTIVE,UNKNOWN,NOT_REQUESTED,False,P5,,False,NON_PRIORITY_KICOX_MAPPING,False
K131132609150008,운송장비,CONFIRMED,False,ACTIVE,UNKNOWN,NOT_REQUESTED,False,P5,,False,NON_PRIORITY_KICOX_MAPPING,False
K131132609150009,운송장비,CONFIRMED,False,ACTIVE,UNKNOWN,NOT_REQUESTED,False,P5,,False,NON_PRIORITY_KICOX_MAPPING,False
K131132609150010,운송장비,CONFIRMED,False,ACTIVE,UNKNOWN,NOT_REQUESTED,False,P5,,False,NON_PRIORITY_KICOX_MAPPING,False
K131132609150016,운송장비,CONFIRMED,False,ACTIVE,UNKNOWN,NOT_REQUESTED,False,P5,,False,NON_PRIORITY_KICOX_MAPPING,False
K131132609150017,운송장비,POSSIBLE,False,ACTIVE,UNKNOWN,NOT_REQUESTED,False,P5,,False,NON_PRIORITY_KICOX_MAPPING,False
K131132609150043,운송장비,POSSIBLE,False,ACTIVE,UNKNOWN,NOT_REQUESTED,False,P5,,False,NON_PRIORITY_KICOX_MAPPING,False
K131132609170026,운송장비,CONFIRMED,False,ACTIVE,UNKNOWN,NOT_REQUESTED,False,P5,,False,NON_PRIORITY_KICOX_MAPPING,False
K131132609180025,운송장비,CONFIRMED,False,ACTIVE,UNKNOWN,NOT_REQUESTED,False,P5,,False,NON_PRIORITY_KICOX_MAPPING,False
K131132609180031,운송장비,UNKNOWN,False,ACTIVE,UNKNOWN,NOT_REQUESTED,False,P5,,False,NON_PRIORITY_KICOX_MAPPING,False
K131132609180039,운송장비,UNKNOWN,False,ACTIVE,UNKNOWN,NOT_REQUESTED,False,P5,,False,NON_PRIORITY_KICOX_MAPPING,False
KEC0132609140002,운송장비,POSSIBLE,False,ACTIVE,UNKNOWN,NOT_REQUESTED,False,P5,,False,NON_PRIORITY_KICOX_MAPPING,False
KEC0132609140005,운송장비,POSSIBLE,False,ACTIVE,UNKNOWN,NOT_REQUESTED,False,P5,,False,NON_PRIORITY_KICOX_MAPPING,False
KEC0132609140006,운송장비,UNKNOWN,False,ACTIVE,UNKNOWN,NOT_REQUESTED,False,P5,,False,NON_PRIORITY_KICOX_MAPPING,False
KF10532608130003,운송장비,CONFIRMED,False,ACTIVE,UNKNOWN,NOT_REQUESTED,False,P5,,False,NON_PRIORITY_KICOX_MAPPING,False
KF10532609140004,운송장비,CONFIRMED,False,ACTIVE,UNKNOWN,NOT_REQUESTED,False,P5,,False,NON_PRIORITY_KICOX_MAPPING,False
KF10802608310008,운송장비,CONFIRMED,False,ACTIVE,UNKNOWN,NOT_REQUESTED,False,P5,,False,NON_PRIORITY_KICOX_MAPPING,False
KJSA002609140012,운송장비,UNKNOWN,False,ACTIVE,UNKNOWN,NOT_REQUESTED,False,P5,,False,NON_PRIORITY_KICOX_MAPPING,False
K131112607230043,기타,UNKNOWN,False,EXPIRED,UNKNOWN,NOT_REQUESTED,False,P5,,False,NON_PRIORITY_KICOX_MAPPING,False
K131112609140016,기타,UNKNOWN,False,ACTIVE,UNKNOWN,NOT_REQUESTED,False,P5,,False,NON_PRIORITY_KICOX_MAPPING,False
K131132608180044,기타,UNKNOWN,False,ACTIVE,UNKNOWN,NOT_REQUESTED,False,P5,,False,NON_PRIORITY_KICOX_MAPPING,False
K131132609080044,기타,UNKNOWN,False,ACTIVE,UNKNOWN,NOT_REQUESTED,False,P5,,False,NON_PRIORITY_KICOX_MAPPING,False
K131132609080045,기타,UNKNOWN,False,ACTIVE,UNKNOWN,NOT_REQUESTED,False,P5,,False,NON_PRIORITY_KICOX_MAPPING,False
K131132609080048,기타,UNKNOWN,False,ACTIVE,UNKNOWN,NOT_REQUESTED,False,P5,,False,NON_PRIORITY_KICOX_MAPPING,False
K131132609080049,기타,UNKNOWN,False,ACTIVE,UNKNOWN,NOT_REQUESTED,False,P5,,False,NON_PRIORITY_KICOX_MAPPING,False
