industry,quarter,employment,employment_lag4,emp_delta,employment_yoy,emp_qoq_delta,qoq_recovery_while_yoy_below,g4_delta00,run_id,run_started_at,input_sha256,input_sha256_raw_bytes,model_spec_version,parameter_set_id,parameter_status,effective_parameter_status,parameter_file_sha256
기계,2022Q1,62805.0,65199.0,-2394.0,-3.6718354575990375,,,1,20260916T061849980743Z-d1794cbf,2026-09-16T06:18:49.980743+00:00,58499908a6af50344a1362c55c840a58cfd80d4373c7098c4c97a9e0271a573b,9eab0a418a59d45db45d451cd60b05233a7a4f1c756a49150fbd3e50c78ddd6a,changwon-transition-diagnosis-model/1.0.0,changwon-electre-pilot-v1,SCENARIO_REGISTERED,SCENARIO_REGISTERED,bef58985e0714e5a149bbbbf667ed271296f86fc1b7d056f18d3518723da70f0
기계,2022Q2,62203.0,64728.0,-2525.0,-3.9009393152885874,-602.0,False,2,20260916T061849980743Z-d1794cbf,2026-09-16T06:18:49.980743+00:00,58499908a6af50344a1362c55c840a58cfd80d4373c7098c4c97a9e0271a573b,9eab0a418a59d45db45d451cd60b05233a7a4f1c756a49150fbd3e50c78ddd6a,changwon-transition-diagnosis-model/1.0.0,changwon-electre-pilot-v1,SCENARIO_REGISTERED,SCENARIO_REGISTERED,bef58985e0714e5a149bbbbf667ed271296f86fc1b7d056f18d3518723da70f0
기계,2022Q3,61680.0,64112.0,-2432.0,-3.7933616171699542,-523.0,False,3,20260916T061849980743Z-d1794cbf,2026-09-16T06:18:49.980743+00:00,58499908a6af50344a1362c55c840a58cfd80d4373c7098c4c97a9e0271a573b,9eab0a418a59d45db45d451cd60b05233a7a4f1c756a49150fbd3e50c78ddd6a,changwon-transition-diagnosis-model/1.0.0,changwon-electre-pilot-v1,SCENARIO_REGISTERED,SCENARIO_REGISTERED,bef58985e0714e5a149bbbbf667ed271296f86fc1b7d056f18d3518723da70f0
기계,2022Q4,60589.0,63534.0,-2945.0,-4.635313375515471,-1091.0,False,4,20260916T061849980743Z-d1794cbf,2026-09-16T06:18:49.980743+00:00,58499908a6af50344a1362c55c840a58cfd80d4373c7098c4c97a9e0271a573b,9eab0a418a59d45db45d451cd60b05233a7a4f1c756a49150fbd3e50c78ddd6a,changwon-transition-diagnosis-model/1.0.0,changwon-electre-pilot-v1,SCENARIO_REGISTERED,SCENARIO_REGISTERED,bef58985e0714e5a149bbbbf667ed271296f86fc1b7d056f18d3518723da70f0
기계,2023Q1,56683.0,62805.0,-6122.0,-9.747631557996971,-3906.0,False,5,20260916T061849980743Z-d1794cbf,2026-09-16T06:18:49.980743+00:00,58499908a6af50344a1362c55c840a58cfd80d4373c7098c4c97a9e0271a573b,9eab0a418a59d45db45d451cd60b05233a7a4f1c756a49150fbd3e50c78ddd6a,changwon-transition-diagnosis-model/1.0.0,changwon-electre-pilot-v1,SCENARIO_REGISTERED,SCENARIO_REGISTERED,bef58985e0714e5a149bbbbf667ed271296f86fc1b7d056f18d3518723da70f0
기계,2023Q2,56736.0,62203.0,-5467.0,-8.788965162451968,53.0,True,6,20260916T061849980743Z-d1794cbf,2026-09-16T06:18:49.980743+00:00,58499908a6af50344a1362c55c840a58cfd80d4373c7098c4c97a9e0271a573b,9eab0a418a59d45db45d451cd60b05233a7a4f1c756a49150fbd3e50c78ddd6a,changwon-transition-diagnosis-model/1.0.0,changwon-electre-pilot-v1,SCENARIO_REGISTERED,SCENARIO_REGISTERED,bef58985e0714e5a149bbbbf667ed271296f86fc1b7d056f18d3518723da70f0
기계,2023Q3,56526.0,61680.0,-5154.0,-8.356031128404673,-210.0,False,7,20260916T061849980743Z-d1794cbf,2026-09-16T06:18:49.980743+00:00,58499908a6af50344a1362c55c840a58cfd80d4373c7098c4c97a9e0271a573b,9eab0a418a59d45db45d451cd60b05233a7a4f1c756a49150fbd3e50c78ddd6a,changwon-transition-diagnosis-model/1.0.0,changwon-electre-pilot-v1,SCENARIO_REGISTERED,SCENARIO_REGISTERED,bef58985e0714e5a149bbbbf667ed271296f86fc1b7d056f18d3518723da70f0
기계,2023Q4,56487.0,60589.0,-4102.0,-6.770205812936336,-39.0,False,8,20260916T061849980743Z-d1794cbf,2026-09-16T06:18:49.980743+00:00,58499908a6af50344a1362c55c840a58cfd80d4373c7098c4c97a9e0271a573b,9eab0a418a59d45db45d451cd60b05233a7a4f1c756a49150fbd3e50c78ddd6a,changwon-transition-diagnosis-model/1.0.0,changwon-electre-pilot-v1,SCENARIO_REGISTERED,SCENARIO_REGISTERED,bef58985e0714e5a149bbbbf667ed271296f86fc1b7d056f18d3518723da70f0
기계,2024Q1,56321.0,56683.0,-362.0,-0.6386394509817706,-166.0,False,9,20260916T061849980743Z-d1794cbf,2026-09-16T06:18:49.980743+00:00,58499908a6af50344a1362c55c840a58cfd80d4373c7098c4c97a9e0271a573b,9eab0a418a59d45db45d451cd60b05233a7a4f1c756a49150fbd3e50c78ddd6a,changwon-transition-diagnosis-model/1.0.0,changwon-electre-pilot-v1,SCENARIO_REGISTERED,SCENARIO_REGISTERED,bef58985e0714e5a149bbbbf667ed271296f86fc1b7d056f18d3518723da70f0
기계,2024Q2,58282.0,56736.0,1546.0,2.7249012972363262,1961.0,False,0,20260916T061849980743Z-d1794cbf,2026-09-16T06:18:49.980743+00:00,58499908a6af50344a1362c55c840a58cfd80d4373c7098c4c97a9e0271a573b,9eab0a418a59d45db45d451cd60b05233a7a4f1c756a49150fbd3e50c78ddd6a,changwon-transition-diagnosis-model/1.0.0,changwon-electre-pilot-v1,SCENARIO_REGISTERED,SCENARIO_REGISTERED,bef58985e0714e5a149bbbbf667ed271296f86fc1b7d056f18d3518723da70f0
기계,2024Q3,58477.0,56526.0,1951.0,3.4515090400877524,195.0,False,0,20260916T061849980743Z-d1794cbf,2026-09-16T06:18:49.980743+00:00,58499908a6af50344a1362c55c840a58cfd80d4373c7098c4c97a9e0271a573b,9eab0a418a59d45db45d451cd60b05233a7a4f1c756a49150fbd3e50c78ddd6a,changwon-transition-diagnosis-model/1.0.0,changwon-electre-pilot-v1,SCENARIO_REGISTERED,SCENARIO_REGISTERED,bef58985e0714e5a149bbbbf667ed271296f86fc1b7d056f18d3518723da70f0
기계,2024Q4,55959.0,56487.0,-528.0,-0.9347283445748532,-2518.0,False,1,20260916T061849980743Z-d1794cbf,2026-09-16T06:18:49.980743+00:00,58499908a6af50344a1362c55c840a58cfd80d4373c7098c4c97a9e0271a573b,9eab0a418a59d45db45d451cd60b05233a7a4f1c756a49150fbd3e50c78ddd6a,changwon-transition-diagnosis-model/1.0.0,changwon-electre-pilot-v1,SCENARIO_REGISTERED,SCENARIO_REGISTERED,bef58985e0714e5a149bbbbf667ed271296f86fc1b7d056f18d3518723da70f0
기계,2025Q1,60029.0,56321.0,3708.0,6.583689920278402,4070.0,False,0,20260916T061849980743Z-d1794cbf,2026-09-16T06:18:49.980743+00:00,58499908a6af50344a1362c55c840a58cfd80d4373c7098c4c97a9e0271a573b,9eab0a418a59d45db45d451cd60b05233a7a4f1c756a49150fbd3e50c78ddd6a,changwon-transition-diagnosis-model/1.0.0,changwon-electre-pilot-v1,SCENARIO_REGISTERED,SCENARIO_REGISTERED,bef58985e0714e5a149bbbbf667ed271296f86fc1b7d056f18d3518723da70f0
기계,2025Q2,62763.0,58282.0,4481.0,7.688480148244747,2734.0,False,0,20260916T061849980743Z-d1794cbf,2026-09-16T06:18:49.980743+00:00,58499908a6af50344a1362c55c840a58cfd80d4373c7098c4c97a9e0271a573b,9eab0a418a59d45db45d451cd60b05233a7a4f1c756a49150fbd3e50c78ddd6a,changwon-transition-diagnosis-model/1.0.0,changwon-electre-pilot-v1,SCENARIO_REGISTERED,SCENARIO_REGISTERED,bef58985e0714e5a149bbbbf667ed271296f86fc1b7d056f18d3518723da70f0
기계,2025Q3,60445.0,58477.0,1968.0,3.3654257229338125,-2318.0,False,0,20260916T061849980743Z-d1794cbf,2026-09-16T06:18:49.980743+00:00,58499908a6af50344a1362c55c840a58cfd80d4373c7098c4c97a9e0271a573b,9eab0a418a59d45db45d451cd60b05233a7a4f1c756a49150fbd3e50c78ddd6a,changwon-transition-diagnosis-model/1.0.0,changwon-electre-pilot-v1,SCENARIO_REGISTERED,SCENARIO_REGISTERED,bef58985e0714e5a149bbbbf667ed271296f86fc1b7d056f18d3518723da70f0
기계,2025Q4,59349.0,55959.0,3390.0,6.0580067549455885,-1096.0,False,0,20260916T061849980743Z-d1794cbf,2026-09-16T06:18:49.980743+00:00,58499908a6af50344a1362c55c840a58cfd80d4373c7098c4c97a9e0271a573b,9eab0a418a59d45db45d451cd60b05233a7a4f1c756a49150fbd3e50c78ddd6a,changwon-transition-diagnosis-model/1.0.0,changwon-electre-pilot-v1,SCENARIO_REGISTERED,SCENARIO_REGISTERED,bef58985e0714e5a149bbbbf667ed271296f86fc1b7d056f18d3518723da70f0
기계,2026Q1,58888.0,60029.0,-1141.0,-1.900747971813621,-461.0,False,1,20260916T061849980743Z-d1794cbf,2026-09-16T06:18:49.980743+00:00,58499908a6af50344a1362c55c840a58cfd80d4373c7098c4c97a9e0271a573b,9eab0a418a59d45db45d451cd60b05233a7a4f1c756a49150fbd3e50c78ddd6a,changwon-transition-diagnosis-model/1.0.0,changwon-electre-pilot-v1,SCENARIO_REGISTERED,SCENARIO_REGISTERED,bef58985e0714e5a149bbbbf667ed271296f86fc1b7d056f18d3518723da70f0
기계,2026Q2,58784.0,62763.0,-3979.0,-6.339722447939078,-104.0,False,2,20260916T061849980743Z-d1794cbf,2026-09-16T06:18:49.980743+00:00,58499908a6af50344a1362c55c840a58cfd80d4373c7098c4c97a9e0271a573b,9eab0a418a59d45db45d451cd60b05233a7a4f1c756a49150fbd3e50c78ddd6a,changwon-transition-diagnosis-model/1.0.0,changwon-electre-pilot-v1,SCENARIO_REGISTERED,SCENARIO_REGISTERED,bef58985e0714e5a149bbbbf667ed271296f86fc1b7d056f18d3518723da70f0
기타,2022Q1,195.0,198.0,-3.0,-1.5151515151515138,,,1,20260916T061849980743Z-d1794cbf,2026-09-16T06:18:49.980743+00:00,58499908a6af50344a1362c55c840a58cfd80d4373c7098c4c97a9e0271a573b,9eab0a418a59d45db45d451cd60b05233a7a4f1c756a49150fbd3e50c78ddd6a,changwon-transition-diagnosis-model/1.0.0,changwon-electre-pilot-v1,SCENARIO_REGISTERED,SCENARIO_REGISTERED,bef58985e0714e5a149bbbbf667ed271296f86fc1b7d056f18d3518723da70f0
기타,2022Q2,194.0,197.0,-3.0,-1.5228426395939132,-1.0,False,2,20260916T061849980743Z-d1794cbf,2026-09-16T06:18:49.980743+00:00,58499908a6af50344a1362c55c840a58cfd80d4373c7098c4c97a9e0271a573b,9eab0a418a59d45db45d451cd60b05233a7a4f1c756a49150fbd3e50c78ddd6a,changwon-transition-diagnosis-model/1.0.0,changwon-electre-pilot-v1,SCENARIO_REGISTERED,SCENARIO_REGISTERED,bef58985e0714e5a149bbbbf667ed271296f86fc1b7d056f18d3518723da70f0
기타,2022Q3,194.0,200.0,-6.0,-3.0000000000000027,0.0,False,3,20260916T061849980743Z-d1794cbf,2026-09-16T06:18:49.980743+00:00,58499908a6af50344a1362c55c840a58cfd80d4373c7098c4c97a9e0271a573b,9eab0a418a59d45db45d451cd60b05233a7a4f1c756a49150fbd3e50c78ddd6a,changwon-transition-diagnosis-model/1.0.0,changwon-electre-pilot-v1,SCENARIO_REGISTERED,SCENARIO_REGISTERED,bef58985e0714e5a149bbbbf667ed271296f86fc1b7d056f18d3518723da70f0
기타,2022Q4,158.0,196.0,-38.0,-19.387755102040817,-36.0,False,4,20260916T061849980743Z-d1794cbf,2026-09-16T06:18:49.980743+00:00,58499908a6af50344a1362c55c840a58cfd80d4373c7098c4c97a9e0271a573b,9eab0a418a59d45db45d451cd60b05233a7a4f1c756a49150fbd3e50c78ddd6a,changwon-transition-diagnosis-model/1.0.0,changwon-electre-pilot-v1,SCENARIO_REGISTERED,SCENARIO_REGISTERED,bef58985e0714e5a149bbbbf667ed271296f86fc1b7d056f18d3518723da70f0
기타,2023Q1,147.0,195.0,-48.0,-24.615384615384617,-11.0,False,5,20260916T061849980743Z-d1794cbf,2026-09-16T06:18:49.980743+00:00,58499908a6af50344a1362c55c840a58cfd80d4373c7098c4c97a9e0271a573b,9eab0a418a59d45db45d451cd60b05233a7a4f1c756a49150fbd3e50c78ddd6a,changwon-transition-diagnosis-model/1.0.0,changwon-electre-pilot-v1,SCENARIO_REGISTERED,SCENARIO_REGISTERED,bef58985e0714e5a149bbbbf667ed271296f86fc1b7d056f18d3518723da70f0
기타,2023Q2,158.0,194.0,-36.0,-18.55670103092784,11.0,True,6,20260916T061849980743Z-d1794cbf,2026-09-16T06:18:49.980743+00:00,58499908a6af50344a1362c55c840a58cfd80d4373c7098c4c97a9e0271a573b,9eab0a418a59d45db45d451cd60b05233a7a4f1c756a49150fbd3e50c78ddd6a,changwon-transition-diagnosis-model/1.0.0,changwon-electre-pilot-v1,SCENARIO_REGISTERED,SCENARIO_REGISTERED,bef58985e0714e5a149bbbbf667ed271296f86fc1b7d056f18d3518723da70f0
기타,2023Q3,170.0,194.0,-24.0,-12.371134020618555,12.0,True,7,20260916T061849980743Z-d1794cbf,2026-09-16T06:18:49.980743+00:00,58499908a6af50344a1362c55c840a58cfd80d4373c7098c4c97a9e0271a573b,9eab0a418a59d45db45d451cd60b05233a7a4f1c756a49150fbd3e50c78ddd6a,changwon-transition-diagnosis-model/1.0.0,changwon-electre-pilot-v1,SCENARIO_REGISTERED,SCENARIO_REGISTERED,bef58985e0714e5a149bbbbf667ed271296f86fc1b7d056f18d3518723da70f0
기타,2023Q4,170.0,158.0,12.0,7.594936708860756,0.0,False,0,20260916T061849980743Z-d1794cbf,2026-09-16T06:18:49.980743+00:00,58499908a6af50344a1362c55c840a58cfd80d4373c7098c4c97a9e0271a573b,9eab0a418a59d45db45d451cd60b05233a7a4f1c756a49150fbd3e50c78ddd6a,changwon-transition-diagnosis-model/1.0.0,changwon-electre-pilot-v1,SCENARIO_REGISTERED,SCENARIO_REGISTERED,bef58985e0714e5a149bbbbf667ed271296f86fc1b7d056f18d3518723da70f0
기타,2024Q1,173.0,147.0,26.0,17.68707482993197,3.0,False,0,20260916T061849980743Z-d1794cbf,2026-09-16T06:18:49.980743+00:00,58499908a6af50344a1362c55c840a58cfd80d4373c7098c4c97a9e0271a573b,9eab0a418a59d45db45d451cd60b05233a7a4f1c756a49150fbd3e50c78ddd6a,changwon-transition-diagnosis-model/1.0.0,changwon-electre-pilot-v1,SCENARIO_REGISTERED,SCENARIO_REGISTERED,bef58985e0714e5a149bbbbf667ed271296f86fc1b7d056f18d3518723da70f0
기타,2024Q2,173.0,158.0,15.0,9.493670886075956,0.0,False,0,20260916T061849980743Z-d1794cbf,2026-09-16T06:18:49.980743+00:00,58499908a6af50344a1362c55c840a58cfd80d4373c7098c4c97a9e0271a573b,9eab0a418a59d45db45d451cd60b05233a7a4f1c756a49150fbd3e50c78ddd6a,changwon-transition-diagnosis-model/1.0.0,changwon-electre-pilot-v1,SCENARIO_REGISTERED,SCENARIO_REGISTERED,bef58985e0714e5a149bbbbf667ed271296f86fc1b7d056f18d3518723da70f0
기타,2024Q3,173.0,170.0,3.0,1.764705882352935,0.0,False,0,20260916T061849980743Z-d1794cbf,2026-09-16T06:18:49.980743+00:00,58499908a6af50344a1362c55c840a58cfd80d4373c7098c4c97a9e0271a573b,9eab0a418a59d45db45d451cd60b05233a7a4f1c756a49150fbd3e50c78ddd6a,changwon-transition-diagnosis-model/1.0.0,changwon-electre-pilot-v1,SCENARIO_REGISTERED,SCENARIO_REGISTERED,bef58985e0714e5a149bbbbf667ed271296f86fc1b7d056f18d3518723da70f0
기타,2024Q4,196.0,170.0,26.0,15.294117647058814,23.0,False,0,20260916T061849980743Z-d1794cbf,2026-09-16T06:18:49.980743+00:00,58499908a6af50344a1362c55c840a58cfd80d4373c7098c4c97a9e0271a573b,9eab0a418a59d45db45d451cd60b05233a7a4f1c756a49150fbd3e50c78ddd6a,changwon-transition-diagnosis-model/1.0.0,changwon-electre-pilot-v1,SCENARIO_REGISTERED,SCENARIO_REGISTERED,bef58985e0714e5a149bbbbf667ed271296f86fc1b7d056f18d3518723da70f0
기타,2025Q1,147.0,173.0,-26.0,-15.02890173410405,-49.0,False,1,20260916T061849980743Z-d1794cbf,2026-09-16T06:18:49.980743+00:00,58499908a6af50344a1362c55c840a58cfd80d4373c7098c4c97a9e0271a573b,9eab0a418a59d45db45d451cd60b05233a7a4f1c756a49150fbd3e50c78ddd6a,changwon-transition-diagnosis-model/1.0.0,changwon-electre-pilot-v1,SCENARIO_REGISTERED,SCENARIO_REGISTERED,bef58985e0714e5a149bbbbf667ed271296f86fc1b7d056f18d3518723da70f0
기타,2025Q2,146.0,173.0,-27.0,-15.606936416184968,-1.0,False,2,20260916T061849980743Z-d1794cbf,2026-09-16T06:18:49.980743+00:00,58499908a6af50344a1362c55c840a58cfd80d4373c7098c4c97a9e0271a573b,9eab0a418a59d45db45d451cd60b05233a7a4f1c756a49150fbd3e50c78ddd6a,changwon-transition-diagnosis-model/1.0.0,changwon-electre-pilot-v1,SCENARIO_REGISTERED,SCENARIO_REGISTERED,bef58985e0714e5a149bbbbf667ed271296f86fc1b7d056f18d3518723da70f0
기타,2025Q3,145.0,173.0,-28.0,-16.184971098265898,-1.0,False,3,20260916T061849980743Z-d1794cbf,2026-09-16T06:18:49.980743+00:00,58499908a6af50344a1362c55c840a58cfd80d4373c7098c4c97a9e0271a573b,9eab0a418a59d45db45d451cd60b05233a7a4f1c756a49150fbd3e50c78ddd6a,changwon-transition-diagnosis-model/1.0.0,changwon-electre-pilot-v1,SCENARIO_REGISTERED,SCENARIO_REGISTERED,bef58985e0714e5a149bbbbf667ed271296f86fc1b7d056f18d3518723da70f0
기타,2025Q4,143.0,196.0,-53.0,-27.040816326530614,-2.0,False,4,20260916T061849980743Z-d1794cbf,2026-09-16T06:18:49.980743+00:00,58499908a6af50344a1362c55c840a58cfd80d4373c7098c4c97a9e0271a573b,9eab0a418a59d45db45d451cd60b05233a7a4f1c756a49150fbd3e50c78ddd6a,changwon-transition-diagnosis-model/1.0.0,changwon-electre-pilot-v1,SCENARIO_REGISTERED,SCENARIO_REGISTERED,bef58985e0714e5a149bbbbf667ed271296f86fc1b7d056f18d3518723da70f0
기타,2026Q1,169.0,147.0,22.0,14.965986394557817,26.0,False,0,20260916T061849980743Z-d1794cbf,2026-09-16T06:18:49.980743+00:00,58499908a6af50344a1362c55c840a58cfd80d4373c7098c4c97a9e0271a573b,9eab0a418a59d45db45d451cd60b05233a7a4f1c756a49150fbd3e50c78ddd6a,changwon-transition-diagnosis-model/1.0.0,changwon-electre-pilot-v1,SCENARIO_REGISTERED,SCENARIO_REGISTERED,bef58985e0714e5a149bbbbf667ed271296f86fc1b7d056f18d3518723da70f0
기타,2026Q2,171.0,146.0,25.0,17.12328767123288,2.0,False,0,20260916T061849980743Z-d1794cbf,2026-09-16T06:18:49.980743+00:00,58499908a6af50344a1362c55c840a58cfd80d4373c7098c4c97a9e0271a573b,9eab0a418a59d45db45d451cd60b05233a7a4f1c756a49150fbd3e50c78ddd6a,changwon-transition-diagnosis-model/1.0.0,changwon-electre-pilot-v1,SCENARIO_REGISTERED,SCENARIO_REGISTERED,bef58985e0714e5a149bbbbf667ed271296f86fc1b7d056f18d3518723da70f0
목재종이,2022Q1,267.0,261.0,6.0,2.298850574712641,,,0,20260916T061849980743Z-d1794cbf,2026-09-16T06:18:49.980743+00:00,58499908a6af50344a1362c55c840a58cfd80d4373c7098c4c97a9e0271a573b,9eab0a418a59d45db45d451cd60b05233a7a4f1c756a49150fbd3e50c78ddd6a,changwon-transition-diagnosis-model/1.0.0,changwon-electre-pilot-v1,SCENARIO_REGISTERED,SCENARIO_REGISTERED,bef58985e0714e5a149bbbbf667ed271296f86fc1b7d056f18d3518723da70f0
목재종이,2022Q2,267.0,264.0,3.0,1.1363636363636465,0.0,False,0,20260916T061849980743Z-d1794cbf,2026-09-16T06:18:49.980743+00:00,58499908a6af50344a1362c55c840a58cfd80d4373c7098c4c97a9e0271a573b,9eab0a418a59d45db45d451cd60b05233a7a4f1c756a49150fbd3e50c78ddd6a,changwon-transition-diagnosis-model/1.0.0,changwon-electre-pilot-v1,SCENARIO_REGISTERED,SCENARIO_REGISTERED,bef58985e0714e5a149bbbbf667ed271296f86fc1b7d056f18d3518723da70f0
목재종이,2022Q3,267.0,261.0,6.0,2.298850574712641,0.0,False,0,20260916T061849980743Z-d1794cbf,2026-09-16T06:18:49.980743+00:00,58499908a6af50344a1362c55c840a58cfd80d4373c7098c4c97a9e0271a573b,9eab0a418a59d45db45d451cd60b05233a7a4f1c756a49150fbd3e50c78ddd6a,changwon-transition-diagnosis-model/1.0.0,changwon-electre-pilot-v1,SCENARIO_REGISTERED,SCENARIO_REGISTERED,bef58985e0714e5a149bbbbf667ed271296f86fc1b7d056f18d3518723da70f0
목재종이,2022Q4,263.0,267.0,-4.0,-1.4981273408239737,-4.0,False,1,20260916T061849980743Z-d1794cbf,2026-09-16T06:18:49.980743+00:00,58499908a6af50344a1362c55c840a58cfd80d4373c7098c4c97a9e0271a573b,9eab0a418a59d45db45d451cd60b05233a7a4f1c756a49150fbd3e50c78ddd6a,changwon-transition-diagnosis-model/1.0.0,changwon-electre-pilot-v1,SCENARIO_REGISTERED,SCENARIO_REGISTERED,bef58985e0714e5a149bbbbf667ed271296f86fc1b7d056f18d3518723da70f0
목재종이,2023Q1,258.0,267.0,-9.0,-3.3707865168539297,-5.0,False,2,20260916T061849980743Z-d1794cbf,2026-09-16T06:18:49.980743+00:00,58499908a6af50344a1362c55c840a58cfd80d4373c7098c4c97a9e0271a573b,9eab0a418a59d45db45d451cd60b05233a7a4f1c756a49150fbd3e50c78ddd6a,changwon-transition-diagnosis-model/1.0.0,changwon-electre-pilot-v1,SCENARIO_REGISTERED,SCENARIO_REGISTERED,bef58985e0714e5a149bbbbf667ed271296f86fc1b7d056f18d3518723da70f0
목재종이,2023Q2,258.0,267.0,-9.0,-3.3707865168539297,0.0,False,3,20260916T061849980743Z-d1794cbf,2026-09-16T06:18:49.980743+00:00,58499908a6af50344a1362c55c840a58cfd80d4373c7098c4c97a9e0271a573b,9eab0a418a59d45db45d451cd60b05233a7a4f1c756a49150fbd3e50c78ddd6a,changwon-transition-diagnosis-model/1.0.0,changwon-electre-pilot-v1,SCENARIO_REGISTERED,SCENARIO_REGISTERED,bef58985e0714e5a149bbbbf667ed271296f86fc1b7d056f18d3518723da70f0
목재종이,2023Q3,252.0,267.0,-15.0,-5.61797752808989,-6.0,False,4,20260916T061849980743Z-d1794cbf,2026-09-16T06:18:49.980743+00:00,58499908a6af50344a1362c55c840a58cfd80d4373c7098c4c97a9e0271a573b,9eab0a418a59d45db45d451cd60b05233a7a4f1c756a49150fbd3e50c78ddd6a,changwon-transition-diagnosis-model/1.0.0,changwon-electre-pilot-v1,SCENARIO_REGISTERED,SCENARIO_REGISTERED,bef58985e0714e5a149bbbbf667ed271296f86fc1b7d056f18d3518723da70f0
목재종이,2023Q4,239.0,263.0,-24.0,-9.125475285171104,-13.0,False,5,20260916T061849980743Z-d1794cbf,2026-09-16T06:18:49.980743+00:00,58499908a6af50344a1362c55c840a58cfd80d4373c7098c4c97a9e0271a573b,9eab0a418a59d45db45d451cd60b05233a7a4f1c756a49150fbd3e50c78ddd6a,changwon-transition-diagnosis-model/1.0.0,changwon-electre-pilot-v1,SCENARIO_REGISTERED,SCENARIO_REGISTERED,bef58985e0714e5a149bbbbf667ed271296f86fc1b7d056f18d3518723da70f0
목재종이,2024Q1,239.0,258.0,-19.0,-7.36434108527132,0.0,False,6,20260916T061849980743Z-d1794cbf,2026-09-16T06:18:49.980743+00:00,58499908a6af50344a1362c55c840a58cfd80d4373c7098c4c97a9e0271a573b,9eab0a418a59d45db45d451cd60b05233a7a4f1c756a49150fbd3e50c78ddd6a,changwon-transition-diagnosis-model/1.0.0,changwon-electre-pilot-v1,SCENARIO_REGISTERED,SCENARIO_REGISTERED,bef58985e0714e5a149bbbbf667ed271296f86fc1b7d056f18d3518723da70f0
목재종이,2024Q2,237.0,258.0,-21.0,-8.139534883720934,-2.0,False,7,20260916T061849980743Z-d1794cbf,2026-09-16T06:18:49.980743+00:00,58499908a6af50344a1362c55c840a58cfd80d4373c7098c4c97a9e0271a573b,9eab0a418a59d45db45d451cd60b05233a7a4f1c756a49150fbd3e50c78ddd6a,changwon-transition-diagnosis-model/1.0.0,changwon-electre-pilot-v1,SCENARIO_REGISTERED,SCENARIO_REGISTERED,bef58985e0714e5a149bbbbf667ed271296f86fc1b7d056f18d3518723da70f0
목재종이,2024Q3,211.0,252.0,-41.0,-16.26984126984127,-26.0,False,8,20260916T061849980743Z-d1794cbf,2026-09-16T06:18:49.980743+00:00,58499908a6af50344a1362c55c840a58cfd80d4373c7098c4c97a9e0271a573b,9eab0a418a59d45db45d451cd60b05233a7a4f1c756a49150fbd3e50c78ddd6a,changwon-transition-diagnosis-model/1.0.0,changwon-electre-pilot-v1,SCENARIO_REGISTERED,SCENARIO_REGISTERED,bef58985e0714e5a149bbbbf667ed271296f86fc1b7d056f18d3518723da70f0
목재종이,2024Q4,214.0,239.0,-25.0,-10.460251046025103,3.0,True,9,20260916T061849980743Z-d1794cbf,2026-09-16T06:18:49.980743+00:00,58499908a6af50344a1362c55c840a58cfd80d4373c7098c4c97a9e0271a573b,9eab0a418a59d45db45d451cd60b05233a7a4f1c756a49150fbd3e50c78ddd6a,changwon-transition-diagnosis-model/1.0.0,changwon-electre-pilot-v1,SCENARIO_REGISTERED,SCENARIO_REGISTERED,bef58985e0714e5a149bbbbf667ed271296f86fc1b7d056f18d3518723da70f0
목재종이,2025Q1,479.0,239.0,240.0,100.418410041841,265.0,False,0,20260916T061849980743Z-d1794cbf,2026-09-16T06:18:49.980743+00:00,58499908a6af50344a1362c55c840a58cfd80d4373c7098c4c97a9e0271a573b,9eab0a418a59d45db45d451cd60b05233a7a4f1c756a49150fbd3e50c78ddd6a,changwon-transition-diagnosis-model/1.0.0,changwon-electre-pilot-v1,SCENARIO_REGISTERED,SCENARIO_REGISTERED,bef58985e0714e5a149bbbbf667ed271296f86fc1b7d056f18d3518723da70f0
목재종이,2025Q2,476.0,237.0,239.0,100.84388185654008,-3.0,False,0,20260916T061849980743Z-d1794cbf,2026-09-16T06:18:49.980743+00:00,58499908a6af50344a1362c55c840a58cfd80d4373c7098c4c97a9e0271a573b,9eab0a418a59d45db45d451cd60b05233a7a4f1c756a49150fbd3e50c78ddd6a,changwon-transition-diagnosis-model/1.0.0,changwon-electre-pilot-v1,SCENARIO_REGISTERED,SCENARIO_REGISTERED,bef58985e0714e5a149bbbbf667ed271296f86fc1b7d056f18d3518723da70f0
목재종이,2025Q3,471.0,211.0,260.0,123.22274881516586,-5.0,False,0,20260916T061849980743Z-d1794cbf,2026-09-16T06:18:49.980743+00:00,58499908a6af50344a1362c55c840a58cfd80d4373c7098c4c97a9e0271a573b,9eab0a418a59d45db45d451cd60b05233a7a4f1c756a49150fbd3e50c78ddd6a,changwon-transition-diagnosis-model/1.0.0,changwon-electre-pilot-v1,SCENARIO_REGISTERED,SCENARIO_REGISTERED,bef58985e0714e5a149bbbbf667ed271296f86fc1b7d056f18d3518723da70f0
목재종이,2025Q4,471.0,214.0,257.0,120.09345794392524,0.0,False,0,20260916T061849980743Z-d1794cbf,2026-09-16T06:18:49.980743+00:00,58499908a6af50344a1362c55c840a58cfd80d4373c7098c4c97a9e0271a573b,9eab0a418a59d45db45d451cd60b05233a7a4f1c756a49150fbd3e50c78ddd6a,changwon-transition-diagnosis-model/1.0.0,changwon-electre-pilot-v1,SCENARIO_REGISTERED,SCENARIO_REGISTERED,bef58985e0714e5a149bbbbf667ed271296f86fc1b7d056f18d3518723da70f0
목재종이,2026Q1,428.0,479.0,-51.0,-10.647181628392488,-43.0,False,1,20260916T061849980743Z-d1794cbf,2026-09-16T06:18:49.980743+00:00,58499908a6af50344a1362c55c840a58cfd80d4373c7098c4c97a9e0271a573b,9eab0a418a59d45db45d451cd60b05233a7a4f1c756a49150fbd3e50c78ddd6a,changwon-transition-diagnosis-model/1.0.0,changwon-electre-pilot-v1,SCENARIO_REGISTERED,SCENARIO_REGISTERED,bef58985e0714e5a149bbbbf667ed271296f86fc1b7d056f18d3518723da70f0
목재종이,2026Q2,428.0,476.0,-48.0,-10.084033613445376,0.0,False,2,20260916T061849980743Z-d1794cbf,2026-09-16T06:18:49.980743+00:00,58499908a6af50344a1362c55c840a58cfd80d4373c7098c4c97a9e0271a573b,9eab0a418a59d45db45d451cd60b05233a7a4f1c756a49150fbd3e50c78ddd6a,changwon-transition-diagnosis-model/1.0.0,changwon-electre-pilot-v1,SCENARIO_REGISTERED,SCENARIO_REGISTERED,bef58985e0714e5a149bbbbf667ed271296f86fc1b7d056f18d3518723da70f0
비금속,2022Q1,263.0,273.0,-10.0,-3.663003663003661,,,1,20260916T061849980743Z-d1794cbf,2026-09-16T06:18:49.980743+00:00,58499908a6af50344a1362c55c840a58cfd80d4373c7098c4c97a9e0271a573b,9eab0a418a59d45db45d451cd60b05233a7a4f1c756a49150fbd3e50c78ddd6a,changwon-transition-diagnosis-model/1.0.0,changwon-electre-pilot-v1,SCENARIO_REGISTERED,SCENARIO_REGISTERED,bef58985e0714e5a149bbbbf667ed271296f86fc1b7d056f18d3518723da70f0
비금속,2022Q2,259.0,267.0,-8.0,-2.9962546816479363,-4.0,False,2,20260916T061849980743Z-d1794cbf,2026-09-16T06:18:49.980743+00:00,58499908a6af50344a1362c55c840a58cfd80d4373c7098c4c97a9e0271a573b,9eab0a418a59d45db45d451cd60b05233a7a4f1c756a49150fbd3e50c78ddd6a,changwon-transition-diagnosis-model/1.0.0,changwon-electre-pilot-v1,SCENARIO_REGISTERED,SCENARIO_REGISTERED,bef58985e0714e5a149bbbbf667ed271296f86fc1b7d056f18d3518723da70f0
비금속,2022Q3,257.0,267.0,-10.0,-3.745318352059923,-2.0,False,3,20260916T061849980743Z-d1794cbf,2026-09-16T06:18:49.980743+00:00,58499908a6af50344a1362c55c840a58cfd80d4373c7098c4c97a9e0271a573b,9eab0a418a59d45db45d451cd60b05233a7a4f1c756a49150fbd3e50c78ddd6a,changwon-transition-diagnosis-model/1.0.0,changwon-electre-pilot-v1,SCENARIO_REGISTERED,SCENARIO_REGISTERED,bef58985e0714e5a149bbbbf667ed271296f86fc1b7d056f18d3518723da70f0
비금속,2022Q4,257.0,266.0,-9.0,-3.383458646616544,0.0,False,4,20260916T061849980743Z-d1794cbf,2026-09-16T06:18:49.980743+00:00,58499908a6af50344a1362c55c840a58cfd80d4373c7098c4c97a9e0271a573b,9eab0a418a59d45db45d451cd60b05233a7a4f1c756a49150fbd3e50c78ddd6a,changwon-transition-diagnosis-model/1.0.0,changwon-electre-pilot-v1,SCENARIO_REGISTERED,SCENARIO_REGISTERED,bef58985e0714e5a149bbbbf667ed271296f86fc1b7d056f18d3518723da70f0
비금속,2023Q1,256.0,263.0,-7.0,-2.661596958174905,-1.0,False,5,20260916T061849980743Z-d1794cbf,2026-09-16T06:18:49.980743+00:00,58499908a6af50344a1362c55c840a58cfd80d4373c7098c4c97a9e0271a573b,9eab0a418a59d45db45d451cd60b05233a7a4f1c756a49150fbd3e50c78ddd6a,changwon-transition-diagnosis-model/1.0.0,changwon-electre-pilot-v1,SCENARIO_REGISTERED,SCENARIO_REGISTERED,bef58985e0714e5a149bbbbf667ed271296f86fc1b7d056f18d3518723da70f0
비금속,2023Q2,251.0,259.0,-8.0,-3.0888030888030937,-5.0,False,6,20260916T061849980743Z-d1794cbf,2026-09-16T06:18:49.980743+00:00,58499908a6af50344a1362c55c840a58cfd80d4373c7098c4c97a9e0271a573b,9eab0a418a59d45db45d451cd60b05233a7a4f1c756a49150fbd3e50c78ddd6a,changwon-transition-diagnosis-model/1.0.0,changwon-electre-pilot-v1,SCENARIO_REGISTERED,SCENARIO_REGISTERED,bef58985e0714e5a149bbbbf667ed271296f86fc1b7d056f18d3518723da70f0
비금속,2023Q3,251.0,257.0,-6.0,-2.334630350194556,0.0,False,7,20260916T061849980743Z-d1794cbf,2026-09-16T06:18:49.980743+00:00,58499908a6af50344a1362c55c840a58cfd80d4373c7098c4c97a9e0271a573b,9eab0a418a59d45db45d451cd60b05233a7a4f1c756a49150fbd3e50c78ddd6a,changwon-transition-diagnosis-model/1.0.0,changwon-electre-pilot-v1,SCENARIO_REGISTERED,SCENARIO_REGISTERED,bef58985e0714e5a149bbbbf667ed271296f86fc1b7d056f18d3518723da70f0
비금속,2023Q4,251.0,257.0,-6.0,-2.334630350194556,0.0,False,8,20260916T061849980743Z-d1794cbf,2026-09-16T06:18:49.980743+00:00,58499908a6af50344a1362c55c840a58cfd80d4373c7098c4c97a9e0271a573b,9eab0a418a59d45db45d451cd60b05233a7a4f1c756a49150fbd3e50c78ddd6a,changwon-transition-diagnosis-model/1.0.0,changwon-electre-pilot-v1,SCENARIO_REGISTERED,SCENARIO_REGISTERED,bef58985e0714e5a149bbbbf667ed271296f86fc1b7d056f18d3518723da70f0
비금속,2024Q1,250.0,256.0,-6.0,-2.34375,-1.0,False,9,20260916T061849980743Z-d1794cbf,2026-09-16T06:18:49.980743+00:00,58499908a6af50344a1362c55c840a58cfd80d4373c7098c4c97a9e0271a573b,9eab0a418a59d45db45d451cd60b05233a7a4f1c756a49150fbd3e50c78ddd6a,changwon-transition-diagnosis-model/1.0.0,changwon-electre-pilot-v1,SCENARIO_REGISTERED,SCENARIO_REGISTERED,bef58985e0714e5a149bbbbf667ed271296f86fc1b7d056f18d3518723da70f0
비금속,2024Q2,233.0,251.0,-18.0,-7.171314741035861,-17.0,False,10,20260916T061849980743Z-d1794cbf,2026-09-16T06:18:49.980743+00:00,58499908a6af50344a1362c55c840a58cfd80d4373c7098c4c97a9e0271a573b,9eab0a418a59d45db45d451cd60b05233a7a4f1c756a49150fbd3e50c78ddd6a,changwon-transition-diagnosis-model/1.0.0,changwon-electre-pilot-v1,SCENARIO_REGISTERED,SCENARIO_REGISTERED,bef58985e0714e5a149bbbbf667ed271296f86fc1b7d056f18d3518723da70f0
비금속,2024Q3,236.0,251.0,-15.0,-5.976095617529875,3.0,True,11,20260916T061849980743Z-d1794cbf,2026-09-16T06:18:49.980743+00:00,58499908a6af50344a1362c55c840a58cfd80d4373c7098c4c97a9e0271a573b,9eab0a418a59d45db45d451cd60b05233a7a4f1c756a49150fbd3e50c78ddd6a,changwon-transition-diagnosis-model/1.0.0,changwon-electre-pilot-v1,SCENARIO_REGISTERED,SCENARIO_REGISTERED,bef58985e0714e5a149bbbbf667ed271296f86fc1b7d056f18d3518723da70f0
비금속,2024Q4,246.0,251.0,-5.0,-1.9920318725099584,10.0,True,12,20260916T061849980743Z-d1794cbf,2026-09-16T06:18:49.980743+00:00,58499908a6af50344a1362c55c840a58cfd80d4373c7098c4c97a9e0271a573b,9eab0a418a59d45db45d451cd60b05233a7a4f1c756a49150fbd3e50c78ddd6a,changwon-transition-diagnosis-model/1.0.0,changwon-electre-pilot-v1,SCENARIO_REGISTERED,SCENARIO_REGISTERED,bef58985e0714e5a149bbbbf667ed271296f86fc1b7d056f18d3518723da70f0
비금속,2025Q1,186.0,250.0,-64.0,-25.6,-60.0,False,13,20260916T061849980743Z-d1794cbf,2026-09-16T06:18:49.980743+00:00,58499908a6af50344a1362c55c840a58cfd80d4373c7098c4c97a9e0271a573b,9eab0a418a59d45db45d451cd60b05233a7a4f1c756a49150fbd3e50c78ddd6a,changwon-transition-diagnosis-model/1.0.0,changwon-electre-pilot-v1,SCENARIO_REGISTERED,SCENARIO_REGISTERED,bef58985e0714e5a149bbbbf667ed271296f86fc1b7d056f18d3518723da70f0
비금속,2025Q2,185.0,233.0,-48.0,-20.60085836909872,-1.0,False,14,20260916T061849980743Z-d1794cbf,2026-09-16T06:18:49.980743+00:00,58499908a6af50344a1362c55c840a58cfd80d4373c7098c4c97a9e0271a573b,9eab0a418a59d45db45d451cd60b05233a7a4f1c756a49150fbd3e50c78ddd6a,changwon-transition-diagnosis-model/1.0.0,changwon-electre-pilot-v1,SCENARIO_REGISTERED,SCENARIO_REGISTERED,bef58985e0714e5a149bbbbf667ed271296f86fc1b7d056f18d3518723da70f0
비금속,2025Q3,182.0,236.0,-54.0,-22.881355932203384,-3.0,False,15,20260916T061849980743Z-d1794cbf,2026-09-16T06:18:49.980743+00:00,58499908a6af50344a1362c55c840a58cfd80d4373c7098c4c97a9e0271a573b,9eab0a418a59d45db45d451cd60b05233a7a4f1c756a49150fbd3e50c78ddd6a,changwon-transition-diagnosis-model/1.0.0,changwon-electre-pilot-v1,SCENARIO_REGISTERED,SCENARIO_REGISTERED,bef58985e0714e5a149bbbbf667ed271296f86fc1b7d056f18d3518723da70f0
비금속,2025Q4,178.0,246.0,-68.0,-27.642276422764223,-4.0,False,16,20260916T061849980743Z-d1794cbf,2026-09-16T06:18:49.980743+00:00,58499908a6af50344a1362c55c840a58cfd80d4373c7098c4c97a9e0271a573b,9eab0a418a59d45db45d451cd60b05233a7a4f1c756a49150fbd3e50c78ddd6a,changwon-transition-diagnosis-model/1.0.0,changwon-electre-pilot-v1,SCENARIO_REGISTERED,SCENARIO_REGISTERED,bef58985e0714e5a149bbbbf667ed271296f86fc1b7d056f18d3518723da70f0
비금속,2026Q1,182.0,186.0,-4.0,-2.1505376344086,4.0,True,17,20260916T061849980743Z-d1794cbf,2026-09-16T06:18:49.980743+00:00,58499908a6af50344a1362c55c840a58cfd80d4373c7098c4c97a9e0271a573b,9eab0a418a59d45db45d451cd60b05233a7a4f1c756a49150fbd3e50c78ddd6a,changwon-transition-diagnosis-model/1.0.0,changwon-electre-pilot-v1,SCENARIO_REGISTERED,SCENARIO_REGISTERED,bef58985e0714e5a149bbbbf667ed271296f86fc1b7d056f18d3518723da70f0
비금속,2026Q2,183.0,185.0,-2.0,-1.0810810810810811,1.0,True,18,20260916T061849980743Z-d1794cbf,2026-09-16T06:18:49.980743+00:00,58499908a6af50344a1362c55c840a58cfd80d4373c7098c4c97a9e0271a573b,9eab0a418a59d45db45d451cd60b05233a7a4f1c756a49150fbd3e50c78ddd6a,changwon-transition-diagnosis-model/1.0.0,changwon-electre-pilot-v1,SCENARIO_REGISTERED,SCENARIO_REGISTERED,bef58985e0714e5a149bbbbf667ed271296f86fc1b7d056f18d3518723da70f0
석유화학,2022Q1,508.0,488.0,20.0,4.098360655737698,,,0,20260916T061849980743Z-d1794cbf,2026-09-16T06:18:49.980743+00:00,58499908a6af50344a1362c55c840a58cfd80d4373c7098c4c97a9e0271a573b,9eab0a418a59d45db45d451cd60b05233a7a4f1c756a49150fbd3e50c78ddd6a,changwon-transition-diagnosis-model/1.0.0,changwon-electre-pilot-v1,SCENARIO_REGISTERED,SCENARIO_REGISTERED,bef58985e0714e5a149bbbbf667ed271296f86fc1b7d056f18d3518723da70f0
석유화학,2022Q2,516.0,501.0,15.0,2.9940119760478945,8.0,False,0,20260916T061849980743Z-d1794cbf,2026-09-16T06:18:49.980743+00:00,58499908a6af50344a1362c55c840a58cfd80d4373c7098c4c97a9e0271a573b,9eab0a418a59d45db45d451cd60b05233a7a4f1c756a49150fbd3e50c78ddd6a,changwon-transition-diagnosis-model/1.0.0,changwon-electre-pilot-v1,SCENARIO_REGISTERED,SCENARIO_REGISTERED,bef58985e0714e5a149bbbbf667ed271296f86fc1b7d056f18d3518723da70f0
석유화학,2022Q3,521.0,509.0,12.0,2.357563850687616,5.0,False,0,20260916T061849980743Z-d1794cbf,2026-09-16T06:18:49.980743+00:00,58499908a6af50344a1362c55c840a58cfd80d4373c7098c4c97a9e0271a573b,9eab0a418a59d45db45d451cd60b05233a7a4f1c756a49150fbd3e50c78ddd6a,changwon-transition-diagnosis-model/1.0.0,changwon-electre-pilot-v1,SCENARIO_REGISTERED,SCENARIO_REGISTERED,bef58985e0714e5a149bbbbf667ed271296f86fc1b7d056f18d3518723da70f0
석유화학,2022Q4,564.0,508.0,56.0,11.023622047244096,43.0,False,0,20260916T061849980743Z-d1794cbf,2026-09-16T06:18:49.980743+00:00,58499908a6af50344a1362c55c840a58cfd80d4373c7098c4c97a9e0271a573b,9eab0a418a59d45db45d451cd60b05233a7a4f1c756a49150fbd3e50c78ddd6a,changwon-transition-diagnosis-model/1.0.0,changwon-electre-pilot-v1,SCENARIO_REGISTERED,SCENARIO_REGISTERED,bef58985e0714e5a149bbbbf667ed271296f86fc1b7d056f18d3518723da70f0
석유화학,2023Q1,624.0,508.0,116.0,22.83464566929134,60.0,False,0,20260916T061849980743Z-d1794cbf,2026-09-16T06:18:49.980743+00:00,58499908a6af50344a1362c55c840a58cfd80d4373c7098c4c97a9e0271a573b,9eab0a418a59d45db45d451cd60b05233a7a4f1c756a49150fbd3e50c78ddd6a,changwon-transition-diagnosis-model/1.0.0,changwon-electre-pilot-v1,SCENARIO_REGISTERED,SCENARIO_REGISTERED,bef58985e0714e5a149bbbbf667ed271296f86fc1b7d056f18d3518723da70f0
석유화학,2023Q2,625.0,516.0,109.0,21.12403100775193,1.0,False,0,20260916T061849980743Z-d1794cbf,2026-09-16T06:18:49.980743+00:00,58499908a6af50344a1362c55c840a58cfd80d4373c7098c4c97a9e0271a573b,9eab0a418a59d45db45d451cd60b05233a7a4f1c756a49150fbd3e50c78ddd6a,changwon-transition-diagnosis-model/1.0.0,changwon-electre-pilot-v1,SCENARIO_REGISTERED,SCENARIO_REGISTERED,bef58985e0714e5a149bbbbf667ed271296f86fc1b7d056f18d3518723da70f0
석유화학,2023Q3,627.0,521.0,106.0,20.345489443378128,2.0,False,0,20260916T061849980743Z-d1794cbf,2026-09-16T06:18:49.980743+00:00,58499908a6af50344a1362c55c840a58cfd80d4373c7098c4c97a9e0271a573b,9eab0a418a59d45db45d451cd60b05233a7a4f1c756a49150fbd3e50c78ddd6a,changwon-transition-diagnosis-model/1.0.0,changwon-electre-pilot-v1,SCENARIO_REGISTERED,SCENARIO_REGISTERED,bef58985e0714e5a149bbbbf667ed271296f86fc1b7d056f18d3518723da70f0
석유화학,2023Q4,633.0,564.0,69.0,12.234042553191491,6.0,False,0,20260916T061849980743Z-d1794cbf,2026-09-16T06:18:49.980743+00:00,58499908a6af50344a1362c55c840a58cfd80d4373c7098c4c97a9e0271a573b,9eab0a418a59d45db45d451cd60b05233a7a4f1c756a49150fbd3e50c78ddd6a,changwon-transition-diagnosis-model/1.0.0,changwon-electre-pilot-v1,SCENARIO_REGISTERED,SCENARIO_REGISTERED,bef58985e0714e5a149bbbbf667ed271296f86fc1b7d056f18d3518723da70f0
석유화학,2024Q1,634.0,624.0,10.0,1.6025641025640969,1.0,False,0,20260916T061849980743Z-d1794cbf,2026-09-16T06:18:49.980743+00:00,58499908a6af50344a1362c55c840a58cfd80d4373c7098c4c97a9e0271a573b,9eab0a418a59d45db45d451cd60b05233a7a4f1c756a49150fbd3e50c78ddd6a,changwon-transition-diagnosis-model/1.0.0,changwon-electre-pilot-v1,SCENARIO_REGISTERED,SCENARIO_REGISTERED,bef58985e0714e5a149bbbbf667ed271296f86fc1b7d056f18d3518723da70f0
석유화학,2024Q2,628.0,625.0,3.0,0.4799999999999915,-6.0,False,0,20260916T061849980743Z-d1794cbf,2026-09-16T06:18:49.980743+00:00,58499908a6af50344a1362c55c840a58cfd80d4373c7098c4c97a9e0271a573b,9eab0a418a59d45db45d451cd60b05233a7a4f1c756a49150fbd3e50c78ddd6a,changwon-transition-diagnosis-model/1.0.0,changwon-electre-pilot-v1,SCENARIO_REGISTERED,SCENARIO_REGISTERED,bef58985e0714e5a149bbbbf667ed271296f86fc1b7d056f18d3518723da70f0
석유화학,2024Q3,623.0,627.0,-4.0,-0.6379585326953707,-5.0,False,1,20260916T061849980743Z-d1794cbf,2026-09-16T06:18:49.980743+00:00,58499908a6af50344a1362c55c840a58cfd80d4373c7098c4c97a9e0271a573b,9eab0a418a59d45db45d451cd60b05233a7a4f1c756a49150fbd3e50c78ddd6a,changwon-transition-diagnosis-model/1.0.0,changwon-electre-pilot-v1,SCENARIO_REGISTERED,SCENARIO_REGISTERED,bef58985e0714e5a149bbbbf667ed271296f86fc1b7d056f18d3518723da70f0
석유화학,2024Q4,623.0,633.0,-10.0,-1.579778830963663,0.0,False,2,20260916T061849980743Z-d1794cbf,2026-09-16T06:18:49.980743+00:00,58499908a6af50344a1362c55c840a58cfd80d4373c7098c4c97a9e0271a573b,9eab0a418a59d45db45d451cd60b05233a7a4f1c756a49150fbd3e50c78ddd6a,changwon-transition-diagnosis-model/1.0.0,changwon-electre-pilot-v1,SCENARIO_REGISTERED,SCENARIO_REGISTERED,bef58985e0714e5a149bbbbf667ed271296f86fc1b7d056f18d3518723da70f0
석유화학,2025Q1,627.0,634.0,-7.0,-1.104100946372244,4.0,True,3,20260916T061849980743Z-d1794cbf,2026-09-16T06:18:49.980743+00:00,58499908a6af50344a1362c55c840a58cfd80d4373c7098c4c97a9e0271a573b,9eab0a418a59d45db45d451cd60b05233a7a4f1c756a49150fbd3e50c78ddd6a,changwon-transition-diagnosis-model/1.0.0,changwon-electre-pilot-v1,SCENARIO_REGISTERED,SCENARIO_REGISTERED,bef58985e0714e5a149bbbbf667ed271296f86fc1b7d056f18d3518723da70f0
석유화학,2025Q2,565.0,628.0,-63.0,-10.031847133757966,-62.0,False,4,20260916T061849980743Z-d1794cbf,2026-09-16T06:18:49.980743+00:00,58499908a6af50344a1362c55c840a58cfd80d4373c7098c4c97a9e0271a573b,9eab0a418a59d45db45d451cd60b05233a7a4f1c756a49150fbd3e50c78ddd6a,changwon-transition-diagnosis-model/1.0.0,changwon-electre-pilot-v1,SCENARIO_REGISTERED,SCENARIO_REGISTERED,bef58985e0714e5a149bbbbf667ed271296f86fc1b7d056f18d3518723da70f0
석유화학,2025Q3,639.0,623.0,16.0,2.5682182985553803,74.0,False,0,20260916T061849980743Z-d1794cbf,2026-09-16T06:18:49.980743+00:00,58499908a6af50344a1362c55c840a58cfd80d4373c7098c4c97a9e0271a573b,9eab0a418a59d45db45d451cd60b05233a7a4f1c756a49150fbd3e50c78ddd6a,changwon-transition-diagnosis-model/1.0.0,changwon-electre-pilot-v1,SCENARIO_REGISTERED,SCENARIO_REGISTERED,bef58985e0714e5a149bbbbf667ed271296f86fc1b7d056f18d3518723da70f0
석유화학,2025Q4,653.0,623.0,30.0,4.815409309791341,14.0,False,0,20260916T061849980743Z-d1794cbf,2026-09-16T06:18:49.980743+00:00,58499908a6af50344a1362c55c840a58cfd80d4373c7098c4c97a9e0271a573b,9eab0a418a59d45db45d451cd60b05233a7a4f1c756a49150fbd3e50c78ddd6a,changwon-transition-diagnosis-model/1.0.0,changwon-electre-pilot-v1,SCENARIO_REGISTERED,SCENARIO_REGISTERED,bef58985e0714e5a149bbbbf667ed271296f86fc1b7d056f18d3518723da70f0
석유화학,2026Q1,622.0,627.0,-5.0,-0.797448165869219,-31.0,False,1,20260916T061849980743Z-d1794cbf,2026-09-16T06:18:49.980743+00:00,58499908a6af50344a1362c55c840a58cfd80d4373c7098c4c97a9e0271a573b,9eab0a418a59d45db45d451cd60b05233a7a4f1c756a49150fbd3e50c78ddd6a,changwon-transition-diagnosis-model/1.0.0,changwon-electre-pilot-v1,SCENARIO_REGISTERED,SCENARIO_REGISTERED,bef58985e0714e5a149bbbbf667ed271296f86fc1b7d056f18d3518723da70f0
석유화학,2026Q2,619.0,565.0,54.0,9.557522123893802,-3.0,False,0,20260916T061849980743Z-d1794cbf,2026-09-16T06:18:49.980743+00:00,58499908a6af50344a1362c55c840a58cfd80d4373c7098c4c97a9e0271a573b,9eab0a418a59d45db45d451cd60b05233a7a4f1c756a49150fbd3e50c78ddd6a,changwon-transition-diagnosis-model/1.0.0,changwon-electre-pilot-v1,SCENARIO_REGISTERED,SCENARIO_REGISTERED,bef58985e0714e5a149bbbbf667ed271296f86fc1b7d056f18d3518723da70f0
섬유의복,2022Q1,39.0,44.0,-5.0,-11.363636363636363,,,1,20260916T061849980743Z-d1794cbf,2026-09-16T06:18:49.980743+00:00,58499908a6af50344a1362c55c840a58cfd80d4373c7098c4c97a9e0271a573b,9eab0a418a59d45db45d451cd60b05233a7a4f1c756a49150fbd3e50c78ddd6a,changwon-transition-diagnosis-model/1.0.0,changwon-electre-pilot-v1,SCENARIO_REGISTERED,SCENARIO_REGISTERED,bef58985e0714e5a149bbbbf667ed271296f86fc1b7d056f18d3518723da70f0
섬유의복,2022Q2,39.0,44.0,-5.0,-11.363636363636363,0.0,False,2,20260916T061849980743Z-d1794cbf,2026-09-16T06:18:49.980743+00:00,58499908a6af50344a1362c55c840a58cfd80d4373c7098c4c97a9e0271a573b,9eab0a418a59d45db45d451cd60b05233a7a4f1c756a49150fbd3e50c78ddd6a,changwon-transition-diagnosis-model/1.0.0,changwon-electre-pilot-v1,SCENARIO_REGISTERED,SCENARIO_REGISTERED,bef58985e0714e5a149bbbbf667ed271296f86fc1b7d056f18d3518723da70f0
섬유의복,2022Q3,39.0,44.0,-5.0,-11.363636363636363,0.0,False,3,20260916T061849980743Z-d1794cbf,2026-09-16T06:18:49.980743+00:00,58499908a6af50344a1362c55c840a58cfd80d4373c7098c4c97a9e0271a573b,9eab0a418a59d45db45d451cd60b05233a7a4f1c756a49150fbd3e50c78ddd6a,changwon-transition-diagnosis-model/1.0.0,changwon-electre-pilot-v1,SCENARIO_REGISTERED,SCENARIO_REGISTERED,bef58985e0714e5a149bbbbf667ed271296f86fc1b7d056f18d3518723da70f0
섬유의복,2022Q4,64.0,39.0,25.0,64.1025641025641,25.0,False,0,20260916T061849980743Z-d1794cbf,2026-09-16T06:18:49.980743+00:00,58499908a6af50344a1362c55c840a58cfd80d4373c7098c4c97a9e0271a573b,9eab0a418a59d45db45d451cd60b05233a7a4f1c756a49150fbd3e50c78ddd6a,changwon-transition-diagnosis-model/1.0.0,changwon-electre-pilot-v1,SCENARIO_REGISTERED,SCENARIO_REGISTERED,bef58985e0714e5a149bbbbf667ed271296f86fc1b7d056f18d3518723da70f0
섬유의복,2023Q1,53.0,39.0,14.0,35.897435897435905,-11.0,False,0,20260916T061849980743Z-d1794cbf,2026-09-16T06:18:49.980743+00:00,58499908a6af50344a1362c55c840a58cfd80d4373c7098c4c97a9e0271a573b,9eab0a418a59d45db45d451cd60b05233a7a4f1c756a49150fbd3e50c78ddd6a,changwon-transition-diagnosis-model/1.0.0,changwon-electre-pilot-v1,SCENARIO_REGISTERED,SCENARIO_REGISTERED,bef58985e0714e5a149bbbbf667ed271296f86fc1b7d056f18d3518723da70f0
섬유의복,2023Q2,44.0,39.0,5.0,12.82051282051282,-9.0,False,0,20260916T061849980743Z-d1794cbf,2026-09-16T06:18:49.980743+00:00,58499908a6af50344a1362c55c840a58cfd80d4373c7098c4c97a9e0271a573b,9eab0a418a59d45db45d451cd60b05233a7a4f1c756a49150fbd3e50c78ddd6a,changwon-transition-diagnosis-model/1.0.0,changwon-electre-pilot-v1,SCENARIO_REGISTERED,SCENARIO_REGISTERED,bef58985e0714e5a149bbbbf667ed271296f86fc1b7d056f18d3518723da70f0
섬유의복,2023Q3,39.0,39.0,0.0,0.0,-5.0,False,0,20260916T061849980743Z-d1794cbf,2026-09-16T06:18:49.980743+00:00,58499908a6af50344a1362c55c840a58cfd80d4373c7098c4c97a9e0271a573b,9eab0a418a59d45db45d451cd60b05233a7a4f1c756a49150fbd3e50c78ddd6a,changwon-transition-diagnosis-model/1.0.0,changwon-electre-pilot-v1,SCENARIO_REGISTERED,SCENARIO_REGISTERED,bef58985e0714e5a149bbbbf667ed271296f86fc1b7d056f18d3518723da70f0
섬유의복,2023Q4,38.0,64.0,-26.0,-40.625,-1.0,False,1,20260916T061849980743Z-d1794cbf,2026-09-16T06:18:49.980743+00:00,58499908a6af50344a1362c55c840a58cfd80d4373c7098c4c97a9e0271a573b,9eab0a418a59d45db45d451cd60b05233a7a4f1c756a49150fbd3e50c78ddd6a,changwon-transition-diagnosis-model/1.0.0,changwon-electre-pilot-v1,SCENARIO_REGISTERED,SCENARIO_REGISTERED,bef58985e0714e5a149bbbbf667ed271296f86fc1b7d056f18d3518723da70f0
섬유의복,2024Q1,38.0,53.0,-15.0,-28.301886792452837,0.0,False,2,20260916T061849980743Z-d1794cbf,2026-09-16T06:18:49.980743+00:00,58499908a6af50344a1362c55c840a58cfd80d4373c7098c4c97a9e0271a573b,9eab0a418a59d45db45d451cd60b05233a7a4f1c756a49150fbd3e50c78ddd6a,changwon-transition-diagnosis-model/1.0.0,changwon-electre-pilot-v1,SCENARIO_REGISTERED,SCENARIO_REGISTERED,bef58985e0714e5a149bbbbf667ed271296f86fc1b7d056f18d3518723da70f0
섬유의복,2024Q2,38.0,44.0,-6.0,-13.636363636363637,0.0,False,3,20260916T061849980743Z-d1794cbf,2026-09-16T06:18:49.980743+00:00,58499908a6af50344a1362c55c840a58cfd80d4373c7098c4c97a9e0271a573b,9eab0a418a59d45db45d451cd60b05233a7a4f1c756a49150fbd3e50c78ddd6a,changwon-transition-diagnosis-model/1.0.0,changwon-electre-pilot-v1,SCENARIO_REGISTERED,SCENARIO_REGISTERED,bef58985e0714e5a149bbbbf667ed271296f86fc1b7d056f18d3518723da70f0
섬유의복,2024Q3,38.0,39.0,-1.0,-2.564102564102566,0.0,False,4,20260916T061849980743Z-d1794cbf,2026-09-16T06:18:49.980743+00:00,58499908a6af50344a1362c55c840a58cfd80d4373c7098c4c97a9e0271a573b,9eab0a418a59d45db45d451cd60b05233a7a4f1c756a49150fbd3e50c78ddd6a,changwon-transition-diagnosis-model/1.0.0,changwon-electre-pilot-v1,SCENARIO_REGISTERED,SCENARIO_REGISTERED,bef58985e0714e5a149bbbbf667ed271296f86fc1b7d056f18d3518723da70f0
섬유의복,2024Q4,34.0,38.0,-4.0,-10.526315789473683,-4.0,False,5,20260916T061849980743Z-d1794cbf,2026-09-16T06:18:49.980743+00:00,58499908a6af50344a1362c55c840a58cfd80d4373c7098c4c97a9e0271a573b,9eab0a418a59d45db45d451cd60b05233a7a4f1c756a49150fbd3e50c78ddd6a,changwon-transition-diagnosis-model/1.0.0,changwon-electre-pilot-v1,SCENARIO_REGISTERED,SCENARIO_REGISTERED,bef58985e0714e5a149bbbbf667ed271296f86fc1b7d056f18d3518723da70f0
섬유의복,2025Q1,34.0,38.0,-4.0,-10.526315789473683,0.0,False,6,20260916T061849980743Z-d1794cbf,2026-09-16T06:18:49.980743+00:00,58499908a6af50344a1362c55c840a58cfd80d4373c7098c4c97a9e0271a573b,9eab0a418a59d45db45d451cd60b05233a7a4f1c756a49150fbd3e50c78ddd6a,changwon-transition-diagnosis-model/1.0.0,changwon-electre-pilot-v1,SCENARIO_REGISTERED,SCENARIO_REGISTERED,bef58985e0714e5a149bbbbf667ed271296f86fc1b7d056f18d3518723da70f0
섬유의복,2025Q2,34.0,38.0,-4.0,-10.526315789473683,0.0,False,7,20260916T061849980743Z-d1794cbf,2026-09-16T06:18:49.980743+00:00,58499908a6af50344a1362c55c840a58cfd80d4373c7098c4c97a9e0271a573b,9eab0a418a59d45db45d451cd60b05233a7a4f1c756a49150fbd3e50c78ddd6a,changwon-transition-diagnosis-model/1.0.0,changwon-electre-pilot-v1,SCENARIO_REGISTERED,SCENARIO_REGISTERED,bef58985e0714e5a149bbbbf667ed271296f86fc1b7d056f18d3518723da70f0
섬유의복,2025Q3,34.0,38.0,-4.0,-10.526315789473683,0.0,False,8,20260916T061849980743Z-d1794cbf,2026-09-16T06:18:49.980743+00:00,58499908a6af50344a1362c55c840a58cfd80d4373c7098c4c97a9e0271a573b,9eab0a418a59d45db45d451cd60b05233a7a4f1c756a49150fbd3e50c78ddd6a,changwon-transition-diagnosis-model/1.0.0,changwon-electre-pilot-v1,SCENARIO_REGISTERED,SCENARIO_REGISTERED,bef58985e0714e5a149bbbbf667ed271296f86fc1b7d056f18d3518723da70f0
섬유의복,2025Q4,34.0,34.0,0.0,0.0,0.0,False,0,20260916T061849980743Z-d1794cbf,2026-09-16T06:18:49.980743+00:00,58499908a6af50344a1362c55c840a58cfd80d4373c7098c4c97a9e0271a573b,9eab0a418a59d45db45d451cd60b05233a7a4f1c756a49150fbd3e50c78ddd6a,changwon-transition-diagnosis-model/1.0.0,changwon-electre-pilot-v1,SCENARIO_REGISTERED,SCENARIO_REGISTERED,bef58985e0714e5a149bbbbf667ed271296f86fc1b7d056f18d3518723da70f0
섬유의복,2026Q1,34.0,34.0,0.0,0.0,0.0,False,0,20260916T061849980743Z-d1794cbf,2026-09-16T06:18:49.980743+00:00,58499908a6af50344a1362c55c840a58cfd80d4373c7098c4c97a9e0271a573b,9eab0a418a59d45db45d451cd60b05233a7a4f1c756a49150fbd3e50c78ddd6a,changwon-transition-diagnosis-model/1.0.0,changwon-electre-pilot-v1,SCENARIO_REGISTERED,SCENARIO_REGISTERED,bef58985e0714e5a149bbbbf667ed271296f86fc1b7d056f18d3518723da70f0
섬유의복,2026Q2,34.0,34.0,0.0,0.0,0.0,False,0,20260916T061849980743Z-d1794cbf,2026-09-16T06:18:49.980743+00:00,58499908a6af50344a1362c55c840a58cfd80d4373c7098c4c97a9e0271a573b,9eab0a418a59d45db45d451cd60b05233a7a4f1c756a49150fbd3e50c78ddd6a,changwon-transition-diagnosis-model/1.0.0,changwon-electre-pilot-v1,SCENARIO_REGISTERED,SCENARIO_REGISTERED,bef58985e0714e5a149bbbbf667ed271296f86fc1b7d056f18d3518723da70f0
운송장비,2022Q1,15500.0,15774.0,-274.0,-1.7370356282490174,,,1,20260916T061849980743Z-d1794cbf,2026-09-16T06:18:49.980743+00:00,58499908a6af50344a1362c55c840a58cfd80d4373c7098c4c97a9e0271a573b,9eab0a418a59d45db45d451cd60b05233a7a4f1c756a49150fbd3e50c78ddd6a,changwon-transition-diagnosis-model/1.0.0,changwon-electre-pilot-v1,SCENARIO_REGISTERED,SCENARIO_REGISTERED,bef58985e0714e5a149bbbbf667ed271296f86fc1b7d056f18d3518723da70f0
운송장비,2022Q2,15657.0,16070.0,-413.0,-2.570006222775356,157.0,True,2,20260916T061849980743Z-d1794cbf,2026-09-16T06:18:49.980743+00:00,58499908a6af50344a1362c55c840a58cfd80d4373c7098c4c97a9e0271a573b,9eab0a418a59d45db45d451cd60b05233a7a4f1c756a49150fbd3e50c78ddd6a,changwon-transition-diagnosis-model/1.0.0,changwon-electre-pilot-v1,SCENARIO_REGISTERED,SCENARIO_REGISTERED,bef58985e0714e5a149bbbbf667ed271296f86fc1b7d056f18d3518723da70f0
운송장비,2022Q3,15628.0,15747.0,-119.0,-0.7556994983171417,-29.0,False,3,20260916T061849980743Z-d1794cbf,2026-09-16T06:18:49.980743+00:00,58499908a6af50344a1362c55c840a58cfd80d4373c7098c4c97a9e0271a573b,9eab0a418a59d45db45d451cd60b05233a7a4f1c756a49150fbd3e50c78ddd6a,changwon-transition-diagnosis-model/1.0.0,changwon-electre-pilot-v1,SCENARIO_REGISTERED,SCENARIO_REGISTERED,bef58985e0714e5a149bbbbf667ed271296f86fc1b7d056f18d3518723da70f0
운송장비,2022Q4,16045.0,15652.0,393.0,2.5108612317914725,417.0,False,0,20260916T061849980743Z-d1794cbf,2026-09-16T06:18:49.980743+00:00,58499908a6af50344a1362c55c840a58cfd80d4373c7098c4c97a9e0271a573b,9eab0a418a59d45db45d451cd60b05233a7a4f1c756a49150fbd3e50c78ddd6a,changwon-transition-diagnosis-model/1.0.0,changwon-electre-pilot-v1,SCENARIO_REGISTERED,SCENARIO_REGISTERED,bef58985e0714e5a149bbbbf667ed271296f86fc1b7d056f18d3518723da70f0
운송장비,2023Q1,16916.0,15500.0,1416.0,9.135483870967745,871.0,False,0,20260916T061849980743Z-d1794cbf,2026-09-16T06:18:49.980743+00:00,58499908a6af50344a1362c55c840a58cfd80d4373c7098c4c97a9e0271a573b,9eab0a418a59d45db45d451cd60b05233a7a4f1c756a49150fbd3e50c78ddd6a,changwon-transition-diagnosis-model/1.0.0,changwon-electre-pilot-v1,SCENARIO_REGISTERED,SCENARIO_REGISTERED,bef58985e0714e5a149bbbbf667ed271296f86fc1b7d056f18d3518723da70f0
운송장비,2023Q2,16513.0,15657.0,856.0,5.467203167912116,-403.0,False,0,20260916T061849980743Z-d1794cbf,2026-09-16T06:18:49.980743+00:00,58499908a6af50344a1362c55c840a58cfd80d4373c7098c4c97a9e0271a573b,9eab0a418a59d45db45d451cd60b05233a7a4f1c756a49150fbd3e50c78ddd6a,changwon-transition-diagnosis-model/1.0.0,changwon-electre-pilot-v1,SCENARIO_REGISTERED,SCENARIO_REGISTERED,bef58985e0714e5a149bbbbf667ed271296f86fc1b7d056f18d3518723da70f0
운송장비,2023Q3,16734.0,15628.0,1106.0,7.077041208088053,221.0,False,0,20260916T061849980743Z-d1794cbf,2026-09-16T06:18:49.980743+00:00,58499908a6af50344a1362c55c840a58cfd80d4373c7098c4c97a9e0271a573b,9eab0a418a59d45db45d451cd60b05233a7a4f1c756a49150fbd3e50c78ddd6a,changwon-transition-diagnosis-model/1.0.0,changwon-electre-pilot-v1,SCENARIO_REGISTERED,SCENARIO_REGISTERED,bef58985e0714e5a149bbbbf667ed271296f86fc1b7d056f18d3518723da70f0
운송장비,2023Q4,16819.0,16045.0,774.0,4.823932689311317,85.0,False,0,20260916T061849980743Z-d1794cbf,2026-09-16T06:18:49.980743+00:00,58499908a6af50344a1362c55c840a58cfd80d4373c7098c4c97a9e0271a573b,9eab0a418a59d45db45d451cd60b05233a7a4f1c756a49150fbd3e50c78ddd6a,changwon-transition-diagnosis-model/1.0.0,changwon-electre-pilot-v1,SCENARIO_REGISTERED,SCENARIO_REGISTERED,bef58985e0714e5a149bbbbf667ed271296f86fc1b7d056f18d3518723da70f0
운송장비,2024Q1,16925.0,16916.0,9.0,0.0532040671553657,106.0,False,0,20260916T061849980743Z-d1794cbf,2026-09-16T06:18:49.980743+00:00,58499908a6af50344a1362c55c840a58cfd80d4373c7098c4c97a9e0271a573b,9eab0a418a59d45db45d451cd60b05233a7a4f1c756a49150fbd3e50c78ddd6a,changwon-transition-diagnosis-model/1.0.0,changwon-electre-pilot-v1,SCENARIO_REGISTERED,SCENARIO_REGISTERED,bef58985e0714e5a149bbbbf667ed271296f86fc1b7d056f18d3518723da70f0
운송장비,2024Q2,16805.0,16513.0,292.0,1.7683037606734064,-120.0,False,0,20260916T061849980743Z-d1794cbf,2026-09-16T06:18:49.980743+00:00,58499908a6af50344a1362c55c840a58cfd80d4373c7098c4c97a9e0271a573b,9eab0a418a59d45db45d451cd60b05233a7a4f1c756a49150fbd3e50c78ddd6a,changwon-transition-diagnosis-model/1.0.0,changwon-electre-pilot-v1,SCENARIO_REGISTERED,SCENARIO_REGISTERED,bef58985e0714e5a149bbbbf667ed271296f86fc1b7d056f18d3518723da70f0
운송장비,2024Q3,16786.0,16734.0,52.0,0.3107445918489215,-19.0,False,0,20260916T061849980743Z-d1794cbf,2026-09-16T06:18:49.980743+00:00,58499908a6af50344a1362c55c840a58cfd80d4373c7098c4c97a9e0271a573b,9eab0a418a59d45db45d451cd60b05233a7a4f1c756a49150fbd3e50c78ddd6a,changwon-transition-diagnosis-model/1.0.0,changwon-electre-pilot-v1,SCENARIO_REGISTERED,SCENARIO_REGISTERED,bef58985e0714e5a149bbbbf667ed271296f86fc1b7d056f18d3518723da70f0
운송장비,2024Q4,17204.0,16819.0,385.0,2.28907782864618,418.0,False,0,20260916T061849980743Z-d1794cbf,2026-09-16T06:18:49.980743+00:00,58499908a6af50344a1362c55c840a58cfd80d4373c7098c4c97a9e0271a573b,9eab0a418a59d45db45d451cd60b05233a7a4f1c756a49150fbd3e50c78ddd6a,changwon-transition-diagnosis-model/1.0.0,changwon-electre-pilot-v1,SCENARIO_REGISTERED,SCENARIO_REGISTERED,bef58985e0714e5a149bbbbf667ed271296f86fc1b7d056f18d3518723da70f0
운송장비,2025Q1,16541.0,16925.0,-384.0,-2.2688330871491917,-663.0,False,1,20260916T061849980743Z-d1794cbf,2026-09-16T06:18:49.980743+00:00,58499908a6af50344a1362c55c840a58cfd80d4373c7098c4c97a9e0271a573b,9eab0a418a59d45db45d451cd60b05233a7a4f1c756a49150fbd3e50c78ddd6a,changwon-transition-diagnosis-model/1.0.0,changwon-electre-pilot-v1,SCENARIO_REGISTERED,SCENARIO_REGISTERED,bef58985e0714e5a149bbbbf667ed271296f86fc1b7d056f18d3518723da70f0
운송장비,2025Q2,16437.0,16805.0,-368.0,-2.1898244570068397,-104.0,False,2,20260916T061849980743Z-d1794cbf,2026-09-16T06:18:49.980743+00:00,58499908a6af50344a1362c55c840a58cfd80d4373c7098c4c97a9e0271a573b,9eab0a418a59d45db45d451cd60b05233a7a4f1c756a49150fbd3e50c78ddd6a,changwon-transition-diagnosis-model/1.0.0,changwon-electre-pilot-v1,SCENARIO_REGISTERED,SCENARIO_REGISTERED,bef58985e0714e5a149bbbbf667ed271296f86fc1b7d056f18d3518723da70f0
운송장비,2025Q3,16275.0,16786.0,-511.0,-3.044203502919096,-162.0,False,3,20260916T061849980743Z-d1794cbf,2026-09-16T06:18:49.980743+00:00,58499908a6af50344a1362c55c840a58cfd80d4373c7098c4c97a9e0271a573b,9eab0a418a59d45db45d451cd60b05233a7a4f1c756a49150fbd3e50c78ddd6a,changwon-transition-diagnosis-model/1.0.0,changwon-electre-pilot-v1,SCENARIO_REGISTERED,SCENARIO_REGISTERED,bef58985e0714e5a149bbbbf667ed271296f86fc1b7d056f18d3518723da70f0
운송장비,2025Q4,16293.0,17204.0,-911.0,-5.295280167402927,18.0,True,4,20260916T061849980743Z-d1794cbf,2026-09-16T06:18:49.980743+00:00,58499908a6af50344a1362c55c840a58cfd80d4373c7098c4c97a9e0271a573b,9eab0a418a59d45db45d451cd60b05233a7a4f1c756a49150fbd3e50c78ddd6a,changwon-transition-diagnosis-model/1.0.0,changwon-electre-pilot-v1,SCENARIO_REGISTERED,SCENARIO_REGISTERED,bef58985e0714e5a149bbbbf667ed271296f86fc1b7d056f18d3518723da70f0
운송장비,2026Q1,16375.0,16541.0,-166.0,-1.0035668943836562,82.0,True,5,20260916T061849980743Z-d1794cbf,2026-09-16T06:18:49.980743+00:00,58499908a6af50344a1362c55c840a58cfd80d4373c7098c4c97a9e0271a573b,9eab0a418a59d45db45d451cd60b05233a7a4f1c756a49150fbd3e50c78ddd6a,changwon-transition-diagnosis-model/1.0.0,changwon-electre-pilot-v1,SCENARIO_REGISTERED,SCENARIO_REGISTERED,bef58985e0714e5a149bbbbf667ed271296f86fc1b7d056f18d3518723da70f0
운송장비,2026Q2,16308.0,16437.0,-129.0,-0.7848147472166445,-67.0,False,6,20260916T061849980743Z-d1794cbf,2026-09-16T06:18:49.980743+00:00,58499908a6af50344a1362c55c840a58cfd80d4373c7098c4c97a9e0271a573b,9eab0a418a59d45db45d451cd60b05233a7a4f1c756a49150fbd3e50c78ddd6a,changwon-transition-diagnosis-model/1.0.0,changwon-electre-pilot-v1,SCENARIO_REGISTERED,SCENARIO_REGISTERED,bef58985e0714e5a149bbbbf667ed271296f86fc1b7d056f18d3518723da70f0
음식료,2022Q1,733.0,719.0,14.0,1.9471488178025127,,,0,20260916T061849980743Z-d1794cbf,2026-09-16T06:18:49.980743+00:00,58499908a6af50344a1362c55c840a58cfd80d4373c7098c4c97a9e0271a573b,9eab0a418a59d45db45d451cd60b05233a7a4f1c756a49150fbd3e50c78ddd6a,changwon-transition-diagnosis-model/1.0.0,changwon-electre-pilot-v1,SCENARIO_REGISTERED,SCENARIO_REGISTERED,bef58985e0714e5a149bbbbf667ed271296f86fc1b7d056f18d3518723da70f0
음식료,2022Q2,797.0,789.0,8.0,1.0139416983523386,64.0,False,0,20260916T061849980743Z-d1794cbf,2026-09-16T06:18:49.980743+00:00,58499908a6af50344a1362c55c840a58cfd80d4373c7098c4c97a9e0271a573b,9eab0a418a59d45db45d451cd60b05233a7a4f1c756a49150fbd3e50c78ddd6a,changwon-transition-diagnosis-model/1.0.0,changwon-electre-pilot-v1,SCENARIO_REGISTERED,SCENARIO_REGISTERED,bef58985e0714e5a149bbbbf667ed271296f86fc1b7d056f18d3518723da70f0
음식료,2022Q3,770.0,728.0,42.0,5.769230769230771,-27.0,False,0,20260916T061849980743Z-d1794cbf,2026-09-16T06:18:49.980743+00:00,58499908a6af50344a1362c55c840a58cfd80d4373c7098c4c97a9e0271a573b,9eab0a418a59d45db45d451cd60b05233a7a4f1c756a49150fbd3e50c78ddd6a,changwon-transition-diagnosis-model/1.0.0,changwon-electre-pilot-v1,SCENARIO_REGISTERED,SCENARIO_REGISTERED,bef58985e0714e5a149bbbbf667ed271296f86fc1b7d056f18d3518723da70f0
음식료,2022Q4,924.0,790.0,134.0,16.962025316455698,154.0,False,0,20260916T061849980743Z-d1794cbf,2026-09-16T06:18:49.980743+00:00,58499908a6af50344a1362c55c840a58cfd80d4373c7098c4c97a9e0271a573b,9eab0a418a59d45db45d451cd60b05233a7a4f1c756a49150fbd3e50c78ddd6a,changwon-transition-diagnosis-model/1.0.0,changwon-electre-pilot-v1,SCENARIO_REGISTERED,SCENARIO_REGISTERED,bef58985e0714e5a149bbbbf667ed271296f86fc1b7d056f18d3518723da70f0
음식료,2023Q1,859.0,733.0,126.0,17.189631650750336,-65.0,False,0,20260916T061849980743Z-d1794cbf,2026-09-16T06:18:49.980743+00:00,58499908a6af50344a1362c55c840a58cfd80d4373c7098c4c97a9e0271a573b,9eab0a418a59d45db45d451cd60b05233a7a4f1c756a49150fbd3e50c78ddd6a,changwon-transition-diagnosis-model/1.0.0,changwon-electre-pilot-v1,SCENARIO_REGISTERED,SCENARIO_REGISTERED,bef58985e0714e5a149bbbbf667ed271296f86fc1b7d056f18d3518723da70f0
음식료,2023Q2,909.0,797.0,112.0,14.052697616060229,50.0,False,0,20260916T061849980743Z-d1794cbf,2026-09-16T06:18:49.980743+00:00,58499908a6af50344a1362c55c840a58cfd80d4373c7098c4c97a9e0271a573b,9eab0a418a59d45db45d451cd60b05233a7a4f1c756a49150fbd3e50c78ddd6a,changwon-transition-diagnosis-model/1.0.0,changwon-electre-pilot-v1,SCENARIO_REGISTERED,SCENARIO_REGISTERED,bef58985e0714e5a149bbbbf667ed271296f86fc1b7d056f18d3518723da70f0
음식료,2023Q3,868.0,770.0,98.0,12.72727272727272,-41.0,False,0,20260916T061849980743Z-d1794cbf,2026-09-16T06:18:49.980743+00:00,58499908a6af50344a1362c55c840a58cfd80d4373c7098c4c97a9e0271a573b,9eab0a418a59d45db45d451cd60b05233a7a4f1c756a49150fbd3e50c78ddd6a,changwon-transition-diagnosis-model/1.0.0,changwon-electre-pilot-v1,SCENARIO_REGISTERED,SCENARIO_REGISTERED,bef58985e0714e5a149bbbbf667ed271296f86fc1b7d056f18d3518723da70f0
음식료,2023Q4,913.0,924.0,-11.0,-1.1904761904761862,45.0,True,1,20260916T061849980743Z-d1794cbf,2026-09-16T06:18:49.980743+00:00,58499908a6af50344a1362c55c840a58cfd80d4373c7098c4c97a9e0271a573b,9eab0a418a59d45db45d451cd60b05233a7a4f1c756a49150fbd3e50c78ddd6a,changwon-transition-diagnosis-model/1.0.0,changwon-electre-pilot-v1,SCENARIO_REGISTERED,SCENARIO_REGISTERED,bef58985e0714e5a149bbbbf667ed271296f86fc1b7d056f18d3518723da70f0
음식료,2024Q1,878.0,859.0,19.0,2.211874272409786,-35.0,False,0,20260916T061849980743Z-d1794cbf,2026-09-16T06:18:49.980743+00:00,58499908a6af50344a1362c55c840a58cfd80d4373c7098c4c97a9e0271a573b,9eab0a418a59d45db45d451cd60b05233a7a4f1c756a49150fbd3e50c78ddd6a,changwon-transition-diagnosis-model/1.0.0,changwon-electre-pilot-v1,SCENARIO_REGISTERED,SCENARIO_REGISTERED,bef58985e0714e5a149bbbbf667ed271296f86fc1b7d056f18d3518723da70f0
음식료,2024Q2,949.0,909.0,40.0,4.4004400440043945,71.0,False,0,20260916T061849980743Z-d1794cbf,2026-09-16T06:18:49.980743+00:00,58499908a6af50344a1362c55c840a58cfd80d4373c7098c4c97a9e0271a573b,9eab0a418a59d45db45d451cd60b05233a7a4f1c756a49150fbd3e50c78ddd6a,changwon-transition-diagnosis-model/1.0.0,changwon-electre-pilot-v1,SCENARIO_REGISTERED,SCENARIO_REGISTERED,bef58985e0714e5a149bbbbf667ed271296f86fc1b7d056f18d3518723da70f0
음식료,2024Q3,913.0,868.0,45.0,5.184331797235031,-36.0,False,0,20260916T061849980743Z-d1794cbf,2026-09-16T06:18:49.980743+00:00,58499908a6af50344a1362c55c840a58cfd80d4373c7098c4c97a9e0271a573b,9eab0a418a59d45db45d451cd60b05233a7a4f1c756a49150fbd3e50c78ddd6a,changwon-transition-diagnosis-model/1.0.0,changwon-electre-pilot-v1,SCENARIO_REGISTERED,SCENARIO_REGISTERED,bef58985e0714e5a149bbbbf667ed271296f86fc1b7d056f18d3518723da70f0
음식료,2024Q4,969.0,913.0,56.0,6.133625410733834,56.0,False,0,20260916T061849980743Z-d1794cbf,2026-09-16T06:18:49.980743+00:00,58499908a6af50344a1362c55c840a58cfd80d4373c7098c4c97a9e0271a573b,9eab0a418a59d45db45d451cd60b05233a7a4f1c756a49150fbd3e50c78ddd6a,changwon-transition-diagnosis-model/1.0.0,changwon-electre-pilot-v1,SCENARIO_REGISTERED,SCENARIO_REGISTERED,bef58985e0714e5a149bbbbf667ed271296f86fc1b7d056f18d3518723da70f0
음식료,2025Q1,800.0,878.0,-78.0,-8.883826879271073,-169.0,False,1,20260916T061849980743Z-d1794cbf,2026-09-16T06:18:49.980743+00:00,58499908a6af50344a1362c55c840a58cfd80d4373c7098c4c97a9e0271a573b,9eab0a418a59d45db45d451cd60b05233a7a4f1c756a49150fbd3e50c78ddd6a,changwon-transition-diagnosis-model/1.0.0,changwon-electre-pilot-v1,SCENARIO_REGISTERED,SCENARIO_REGISTERED,bef58985e0714e5a149bbbbf667ed271296f86fc1b7d056f18d3518723da70f0
음식료,2025Q2,660.0,949.0,-289.0,-30.45310853530031,-140.0,False,2,20260916T061849980743Z-d1794cbf,2026-09-16T06:18:49.980743+00:00,58499908a6af50344a1362c55c840a58cfd80d4373c7098c4c97a9e0271a573b,9eab0a418a59d45db45d451cd60b05233a7a4f1c756a49150fbd3e50c78ddd6a,changwon-transition-diagnosis-model/1.0.0,changwon-electre-pilot-v1,SCENARIO_REGISTERED,SCENARIO_REGISTERED,bef58985e0714e5a149bbbbf667ed271296f86fc1b7d056f18d3518723da70f0
음식료,2025Q3,654.0,913.0,-259.0,-28.368017524644028,-6.0,False,3,20260916T061849980743Z-d1794cbf,2026-09-16T06:18:49.980743+00:00,58499908a6af50344a1362c55c840a58cfd80d4373c7098c4c97a9e0271a573b,9eab0a418a59d45db45d451cd60b05233a7a4f1c756a49150fbd3e50c78ddd6a,changwon-transition-diagnosis-model/1.0.0,changwon-electre-pilot-v1,SCENARIO_REGISTERED,SCENARIO_REGISTERED,bef58985e0714e5a149bbbbf667ed271296f86fc1b7d056f18d3518723da70f0
음식료,2025Q4,653.0,969.0,-316.0,-32.6109391124871,-1.0,False,4,20260916T061849980743Z-d1794cbf,2026-09-16T06:18:49.980743+00:00,58499908a6af50344a1362c55c840a58cfd80d4373c7098c4c97a9e0271a573b,9eab0a418a59d45db45d451cd60b05233a7a4f1c756a49150fbd3e50c78ddd6a,changwon-transition-diagnosis-model/1.0.0,changwon-electre-pilot-v1,SCENARIO_REGISTERED,SCENARIO_REGISTERED,bef58985e0714e5a149bbbbf667ed271296f86fc1b7d056f18d3518723da70f0
음식료,2026Q1,628.0,800.0,-172.0,-21.5,-25.0,False,5,20260916T061849980743Z-d1794cbf,2026-09-16T06:18:49.980743+00:00,58499908a6af50344a1362c55c840a58cfd80d4373c7098c4c97a9e0271a573b,9eab0a418a59d45db45d451cd60b05233a7a4f1c756a49150fbd3e50c78ddd6a,changwon-transition-diagnosis-model/1.0.0,changwon-electre-pilot-v1,SCENARIO_REGISTERED,SCENARIO_REGISTERED,bef58985e0714e5a149bbbbf667ed271296f86fc1b7d056f18d3518723da70f0
음식료,2026Q2,635.0,660.0,-25.0,-3.787878787878785,7.0,True,6,20260916T061849980743Z-d1794cbf,2026-09-16T06:18:49.980743+00:00,58499908a6af50344a1362c55c840a58cfd80d4373c7098c4c97a9e0271a573b,9eab0a418a59d45db45d451cd60b05233a7a4f1c756a49150fbd3e50c78ddd6a,changwon-transition-diagnosis-model/1.0.0,changwon-electre-pilot-v1,SCENARIO_REGISTERED,SCENARIO_REGISTERED,bef58985e0714e5a149bbbbf667ed271296f86fc1b7d056f18d3518723da70f0
전기전자,2022Q1,27459.0,24654.0,2805.0,11.377464103188116,,,0,20260916T061849980743Z-d1794cbf,2026-09-16T06:18:49.980743+00:00,58499908a6af50344a1362c55c840a58cfd80d4373c7098c4c97a9e0271a573b,9eab0a418a59d45db45d451cd60b05233a7a4f1c756a49150fbd3e50c78ddd6a,changwon-transition-diagnosis-model/1.0.0,changwon-electre-pilot-v1,SCENARIO_REGISTERED,SCENARIO_REGISTERED,bef58985e0714e5a149bbbbf667ed271296f86fc1b7d056f18d3518723da70f0
전기전자,2022Q2,27441.0,24671.0,2770.0,11.227757285882213,-18.0,False,0,20260916T061849980743Z-d1794cbf,2026-09-16T06:18:49.980743+00:00,58499908a6af50344a1362c55c840a58cfd80d4373c7098c4c97a9e0271a573b,9eab0a418a59d45db45d451cd60b05233a7a4f1c756a49150fbd3e50c78ddd6a,changwon-transition-diagnosis-model/1.0.0,changwon-electre-pilot-v1,SCENARIO_REGISTERED,SCENARIO_REGISTERED,bef58985e0714e5a149bbbbf667ed271296f86fc1b7d056f18d3518723da70f0
전기전자,2022Q3,26880.0,24641.0,2239.0,9.08648187979384,-561.0,False,0,20260916T061849980743Z-d1794cbf,2026-09-16T06:18:49.980743+00:00,58499908a6af50344a1362c55c840a58cfd80d4373c7098c4c97a9e0271a573b,9eab0a418a59d45db45d451cd60b05233a7a4f1c756a49150fbd3e50c78ddd6a,changwon-transition-diagnosis-model/1.0.0,changwon-electre-pilot-v1,SCENARIO_REGISTERED,SCENARIO_REGISTERED,bef58985e0714e5a149bbbbf667ed271296f86fc1b7d056f18d3518723da70f0
전기전자,2022Q4,24311.0,25019.0,-708.0,-2.82984931452096,-2569.0,False,1,20260916T061849980743Z-d1794cbf,2026-09-16T06:18:49.980743+00:00,58499908a6af50344a1362c55c840a58cfd80d4373c7098c4c97a9e0271a573b,9eab0a418a59d45db45d451cd60b05233a7a4f1c756a49150fbd3e50c78ddd6a,changwon-transition-diagnosis-model/1.0.0,changwon-electre-pilot-v1,SCENARIO_REGISTERED,SCENARIO_REGISTERED,bef58985e0714e5a149bbbbf667ed271296f86fc1b7d056f18d3518723da70f0
전기전자,2023Q1,28812.0,27459.0,1353.0,4.927346225281326,4501.0,False,0,20260916T061849980743Z-d1794cbf,2026-09-16T06:18:49.980743+00:00,58499908a6af50344a1362c55c840a58cfd80d4373c7098c4c97a9e0271a573b,9eab0a418a59d45db45d451cd60b05233a7a4f1c756a49150fbd3e50c78ddd6a,changwon-transition-diagnosis-model/1.0.0,changwon-electre-pilot-v1,SCENARIO_REGISTERED,SCENARIO_REGISTERED,bef58985e0714e5a149bbbbf667ed271296f86fc1b7d056f18d3518723da70f0
전기전자,2023Q2,28674.0,27441.0,1233.0,4.493276484093145,-138.0,False,0,20260916T061849980743Z-d1794cbf,2026-09-16T06:18:49.980743+00:00,58499908a6af50344a1362c55c840a58cfd80d4373c7098c4c97a9e0271a573b,9eab0a418a59d45db45d451cd60b05233a7a4f1c756a49150fbd3e50c78ddd6a,changwon-transition-diagnosis-model/1.0.0,changwon-electre-pilot-v1,SCENARIO_REGISTERED,SCENARIO_REGISTERED,bef58985e0714e5a149bbbbf667ed271296f86fc1b7d056f18d3518723da70f0
전기전자,2023Q3,28830.0,26880.0,1950.0,7.254464285714279,156.0,False,0,20260916T061849980743Z-d1794cbf,2026-09-16T06:18:49.980743+00:00,58499908a6af50344a1362c55c840a58cfd80d4373c7098c4c97a9e0271a573b,9eab0a418a59d45db45d451cd60b05233a7a4f1c756a49150fbd3e50c78ddd6a,changwon-transition-diagnosis-model/1.0.0,changwon-electre-pilot-v1,SCENARIO_REGISTERED,SCENARIO_REGISTERED,bef58985e0714e5a149bbbbf667ed271296f86fc1b7d056f18d3518723da70f0
전기전자,2023Q4,28777.0,24311.0,4466.0,18.370285056147416,-53.0,False,0,20260916T061849980743Z-d1794cbf,2026-09-16T06:18:49.980743+00:00,58499908a6af50344a1362c55c840a58cfd80d4373c7098c4c97a9e0271a573b,9eab0a418a59d45db45d451cd60b05233a7a4f1c756a49150fbd3e50c78ddd6a,changwon-transition-diagnosis-model/1.0.0,changwon-electre-pilot-v1,SCENARIO_REGISTERED,SCENARIO_REGISTERED,bef58985e0714e5a149bbbbf667ed271296f86fc1b7d056f18d3518723da70f0
전기전자,2024Q1,29221.0,28812.0,409.0,1.4195474108010586,444.0,False,0,20260916T061849980743Z-d1794cbf,2026-09-16T06:18:49.980743+00:00,58499908a6af50344a1362c55c840a58cfd80d4373c7098c4c97a9e0271a573b,9eab0a418a59d45db45d451cd60b05233a7a4f1c756a49150fbd3e50c78ddd6a,changwon-transition-diagnosis-model/1.0.0,changwon-electre-pilot-v1,SCENARIO_REGISTERED,SCENARIO_REGISTERED,bef58985e0714e5a149bbbbf667ed271296f86fc1b7d056f18d3518723da70f0
전기전자,2024Q2,29445.0,28674.0,771.0,2.688847039129527,224.0,False,0,20260916T061849980743Z-d1794cbf,2026-09-16T06:18:49.980743+00:00,58499908a6af50344a1362c55c840a58cfd80d4373c7098c4c97a9e0271a573b,9eab0a418a59d45db45d451cd60b05233a7a4f1c756a49150fbd3e50c78ddd6a,changwon-transition-diagnosis-model/1.0.0,changwon-electre-pilot-v1,SCENARIO_REGISTERED,SCENARIO_REGISTERED,bef58985e0714e5a149bbbbf667ed271296f86fc1b7d056f18d3518723da70f0
전기전자,2024Q3,29232.0,28830.0,402.0,1.3943808532778323,-213.0,False,0,20260916T061849980743Z-d1794cbf,2026-09-16T06:18:49.980743+00:00,58499908a6af50344a1362c55c840a58cfd80d4373c7098c4c97a9e0271a573b,9eab0a418a59d45db45d451cd60b05233a7a4f1c756a49150fbd3e50c78ddd6a,changwon-transition-diagnosis-model/1.0.0,changwon-electre-pilot-v1,SCENARIO_REGISTERED,SCENARIO_REGISTERED,bef58985e0714e5a149bbbbf667ed271296f86fc1b7d056f18d3518723da70f0
전기전자,2024Q4,29392.0,28777.0,615.0,2.137123397157459,160.0,False,0,20260916T061849980743Z-d1794cbf,2026-09-16T06:18:49.980743+00:00,58499908a6af50344a1362c55c840a58cfd80d4373c7098c4c97a9e0271a573b,9eab0a418a59d45db45d451cd60b05233a7a4f1c756a49150fbd3e50c78ddd6a,changwon-transition-diagnosis-model/1.0.0,changwon-electre-pilot-v1,SCENARIO_REGISTERED,SCENARIO_REGISTERED,bef58985e0714e5a149bbbbf667ed271296f86fc1b7d056f18d3518723da70f0
전기전자,2025Q1,28314.0,29221.0,-907.0,-3.1039321036241074,-1078.0,False,1,20260916T061849980743Z-d1794cbf,2026-09-16T06:18:49.980743+00:00,58499908a6af50344a1362c55c840a58cfd80d4373c7098c4c97a9e0271a573b,9eab0a418a59d45db45d451cd60b05233a7a4f1c756a49150fbd3e50c78ddd6a,changwon-transition-diagnosis-model/1.0.0,changwon-electre-pilot-v1,SCENARIO_REGISTERED,SCENARIO_REGISTERED,bef58985e0714e5a149bbbbf667ed271296f86fc1b7d056f18d3518723da70f0
전기전자,2025Q2,28095.0,29445.0,-1350.0,-4.584819154355579,-219.0,False,2,20260916T061849980743Z-d1794cbf,2026-09-16T06:18:49.980743+00:00,58499908a6af50344a1362c55c840a58cfd80d4373c7098c4c97a9e0271a573b,9eab0a418a59d45db45d451cd60b05233a7a4f1c756a49150fbd3e50c78ddd6a,changwon-transition-diagnosis-model/1.0.0,changwon-electre-pilot-v1,SCENARIO_REGISTERED,SCENARIO_REGISTERED,bef58985e0714e5a149bbbbf667ed271296f86fc1b7d056f18d3518723da70f0
전기전자,2025Q3,28099.0,29232.0,-1133.0,-3.875889436234259,4.0,True,3,20260916T061849980743Z-d1794cbf,2026-09-16T06:18:49.980743+00:00,58499908a6af50344a1362c55c840a58cfd80d4373c7098c4c97a9e0271a573b,9eab0a418a59d45db45d451cd60b05233a7a4f1c756a49150fbd3e50c78ddd6a,changwon-transition-diagnosis-model/1.0.0,changwon-electre-pilot-v1,SCENARIO_REGISTERED,SCENARIO_REGISTERED,bef58985e0714e5a149bbbbf667ed271296f86fc1b7d056f18d3518723da70f0
전기전자,2025Q4,28002.0,29392.0,-1390.0,-4.729178007621126,-97.0,False,4,20260916T061849980743Z-d1794cbf,2026-09-16T06:18:49.980743+00:00,58499908a6af50344a1362c55c840a58cfd80d4373c7098c4c97a9e0271a573b,9eab0a418a59d45db45d451cd60b05233a7a4f1c756a49150fbd3e50c78ddd6a,changwon-transition-diagnosis-model/1.0.0,changwon-electre-pilot-v1,SCENARIO_REGISTERED,SCENARIO_REGISTERED,bef58985e0714e5a149bbbbf667ed271296f86fc1b7d056f18d3518723da70f0
전기전자,2026Q1,27944.0,28314.0,-370.0,-1.3067740340467648,-58.0,False,5,20260916T061849980743Z-d1794cbf,2026-09-16T06:18:49.980743+00:00,58499908a6af50344a1362c55c840a58cfd80d4373c7098c4c97a9e0271a573b,9eab0a418a59d45db45d451cd60b05233a7a4f1c756a49150fbd3e50c78ddd6a,changwon-transition-diagnosis-model/1.0.0,changwon-electre-pilot-v1,SCENARIO_REGISTERED,SCENARIO_REGISTERED,bef58985e0714e5a149bbbbf667ed271296f86fc1b7d056f18d3518723da70f0
전기전자,2026Q2,27979.0,28095.0,-116.0,-0.4128848549563968,35.0,True,6,20260916T061849980743Z-d1794cbf,2026-09-16T06:18:49.980743+00:00,58499908a6af50344a1362c55c840a58cfd80d4373c7098c4c97a9e0271a573b,9eab0a418a59d45db45d451cd60b05233a7a4f1c756a49150fbd3e50c78ddd6a,changwon-transition-diagnosis-model/1.0.0,changwon-electre-pilot-v1,SCENARIO_REGISTERED,SCENARIO_REGISTERED,bef58985e0714e5a149bbbbf667ed271296f86fc1b7d056f18d3518723da70f0
철강,2022Q1,9525.0,9404.0,121.0,1.286686516376001,,,0,20260916T061849980743Z-d1794cbf,2026-09-16T06:18:49.980743+00:00,58499908a6af50344a1362c55c840a58cfd80d4373c7098c4c97a9e0271a573b,9eab0a418a59d45db45d451cd60b05233a7a4f1c756a49150fbd3e50c78ddd6a,changwon-transition-diagnosis-model/1.0.0,changwon-electre-pilot-v1,SCENARIO_REGISTERED,SCENARIO_REGISTERED,bef58985e0714e5a149bbbbf667ed271296f86fc1b7d056f18d3518723da70f0
철강,2022Q2,9475.0,9387.0,88.0,0.9374667092787892,-50.0,False,0,20260916T061849980743Z-d1794cbf,2026-09-16T06:18:49.980743+00:00,58499908a6af50344a1362c55c840a58cfd80d4373c7098c4c97a9e0271a573b,9eab0a418a59d45db45d451cd60b05233a7a4f1c756a49150fbd3e50c78ddd6a,changwon-transition-diagnosis-model/1.0.0,changwon-electre-pilot-v1,SCENARIO_REGISTERED,SCENARIO_REGISTERED,bef58985e0714e5a149bbbbf667ed271296f86fc1b7d056f18d3518723da70f0
철강,2022Q3,9443.0,9436.0,7.0,0.0741839762611329,-32.0,False,0,20260916T061849980743Z-d1794cbf,2026-09-16T06:18:49.980743+00:00,58499908a6af50344a1362c55c840a58cfd80d4373c7098c4c97a9e0271a573b,9eab0a418a59d45db45d451cd60b05233a7a4f1c756a49150fbd3e50c78ddd6a,changwon-transition-diagnosis-model/1.0.0,changwon-electre-pilot-v1,SCENARIO_REGISTERED,SCENARIO_REGISTERED,bef58985e0714e5a149bbbbf667ed271296f86fc1b7d056f18d3518723da70f0
철강,2022Q4,9158.0,9443.0,-285.0,-3.0181086519114664,-285.0,False,1,20260916T061849980743Z-d1794cbf,2026-09-16T06:18:49.980743+00:00,58499908a6af50344a1362c55c840a58cfd80d4373c7098c4c97a9e0271a573b,9eab0a418a59d45db45d451cd60b05233a7a4f1c756a49150fbd3e50c78ddd6a,changwon-transition-diagnosis-model/1.0.0,changwon-electre-pilot-v1,SCENARIO_REGISTERED,SCENARIO_REGISTERED,bef58985e0714e5a149bbbbf667ed271296f86fc1b7d056f18d3518723da70f0
철강,2023Q1,9115.0,9525.0,-410.0,-4.304461942257221,-43.0,False,2,20260916T061849980743Z-d1794cbf,2026-09-16T06:18:49.980743+00:00,58499908a6af50344a1362c55c840a58cfd80d4373c7098c4c97a9e0271a573b,9eab0a418a59d45db45d451cd60b05233a7a4f1c756a49150fbd3e50c78ddd6a,changwon-transition-diagnosis-model/1.0.0,changwon-electre-pilot-v1,SCENARIO_REGISTERED,SCENARIO_REGISTERED,bef58985e0714e5a149bbbbf667ed271296f86fc1b7d056f18d3518723da70f0
철강,2023Q2,9192.0,9475.0,-283.0,-2.9868073878628,77.0,True,3,20260916T061849980743Z-d1794cbf,2026-09-16T06:18:49.980743+00:00,58499908a6af50344a1362c55c840a58cfd80d4373c7098c4c97a9e0271a573b,9eab0a418a59d45db45d451cd60b05233a7a4f1c756a49150fbd3e50c78ddd6a,changwon-transition-diagnosis-model/1.0.0,changwon-electre-pilot-v1,SCENARIO_REGISTERED,SCENARIO_REGISTERED,bef58985e0714e5a149bbbbf667ed271296f86fc1b7d056f18d3518723da70f0
철강,2023Q3,9191.0,9443.0,-252.0,-2.6686434395848724,-1.0,False,4,20260916T061849980743Z-d1794cbf,2026-09-16T06:18:49.980743+00:00,58499908a6af50344a1362c55c840a58cfd80d4373c7098c4c97a9e0271a573b,9eab0a418a59d45db45d451cd60b05233a7a4f1c756a49150fbd3e50c78ddd6a,changwon-transition-diagnosis-model/1.0.0,changwon-electre-pilot-v1,SCENARIO_REGISTERED,SCENARIO_REGISTERED,bef58985e0714e5a149bbbbf667ed271296f86fc1b7d056f18d3518723da70f0
철강,2023Q4,9184.0,9158.0,26.0,0.2839047827036367,-7.0,False,0,20260916T061849980743Z-d1794cbf,2026-09-16T06:18:49.980743+00:00,58499908a6af50344a1362c55c840a58cfd80d4373c7098c4c97a9e0271a573b,9eab0a418a59d45db45d451cd60b05233a7a4f1c756a49150fbd3e50c78ddd6a,changwon-transition-diagnosis-model/1.0.0,changwon-electre-pilot-v1,SCENARIO_REGISTERED,SCENARIO_REGISTERED,bef58985e0714e5a149bbbbf667ed271296f86fc1b7d056f18d3518723da70f0
철강,2024Q1,9313.0,9115.0,198.0,2.1722435545803664,129.0,False,0,20260916T061849980743Z-d1794cbf,2026-09-16T06:18:49.980743+00:00,58499908a6af50344a1362c55c840a58cfd80d4373c7098c4c97a9e0271a573b,9eab0a418a59d45db45d451cd60b05233a7a4f1c756a49150fbd3e50c78ddd6a,changwon-transition-diagnosis-model/1.0.0,changwon-electre-pilot-v1,SCENARIO_REGISTERED,SCENARIO_REGISTERED,bef58985e0714e5a149bbbbf667ed271296f86fc1b7d056f18d3518723da70f0
철강,2024Q2,9509.0,9192.0,317.0,3.4486510008703286,196.0,False,0,20260916T061849980743Z-d1794cbf,2026-09-16T06:18:49.980743+00:00,58499908a6af50344a1362c55c840a58cfd80d4373c7098c4c97a9e0271a573b,9eab0a418a59d45db45d451cd60b05233a7a4f1c756a49150fbd3e50c78ddd6a,changwon-transition-diagnosis-model/1.0.0,changwon-electre-pilot-v1,SCENARIO_REGISTERED,SCENARIO_REGISTERED,bef58985e0714e5a149bbbbf667ed271296f86fc1b7d056f18d3518723da70f0
철강,2024Q3,9743.0,9191.0,552.0,6.005875312806008,234.0,False,0,20260916T061849980743Z-d1794cbf,2026-09-16T06:18:49.980743+00:00,58499908a6af50344a1362c55c840a58cfd80d4373c7098c4c97a9e0271a573b,9eab0a418a59d45db45d451cd60b05233a7a4f1c756a49150fbd3e50c78ddd6a,changwon-transition-diagnosis-model/1.0.0,changwon-electre-pilot-v1,SCENARIO_REGISTERED,SCENARIO_REGISTERED,bef58985e0714e5a149bbbbf667ed271296f86fc1b7d056f18d3518723da70f0
철강,2024Q4,9737.0,9184.0,553.0,6.021341463414642,-6.0,False,0,20260916T061849980743Z-d1794cbf,2026-09-16T06:18:49.980743+00:00,58499908a6af50344a1362c55c840a58cfd80d4373c7098c4c97a9e0271a573b,9eab0a418a59d45db45d451cd60b05233a7a4f1c756a49150fbd3e50c78ddd6a,changwon-transition-diagnosis-model/1.0.0,changwon-electre-pilot-v1,SCENARIO_REGISTERED,SCENARIO_REGISTERED,bef58985e0714e5a149bbbbf667ed271296f86fc1b7d056f18d3518723da70f0
철강,2025Q1,9753.0,9313.0,440.0,4.724578546118319,16.0,False,0,20260916T061849980743Z-d1794cbf,2026-09-16T06:18:49.980743+00:00,58499908a6af50344a1362c55c840a58cfd80d4373c7098c4c97a9e0271a573b,9eab0a418a59d45db45d451cd60b05233a7a4f1c756a49150fbd3e50c78ddd6a,changwon-transition-diagnosis-model/1.0.0,changwon-electre-pilot-v1,SCENARIO_REGISTERED,SCENARIO_REGISTERED,bef58985e0714e5a149bbbbf667ed271296f86fc1b7d056f18d3518723da70f0
철강,2025Q2,9801.0,9509.0,292.0,3.0707750552108504,48.0,False,0,20260916T061849980743Z-d1794cbf,2026-09-16T06:18:49.980743+00:00,58499908a6af50344a1362c55c840a58cfd80d4373c7098c4c97a9e0271a573b,9eab0a418a59d45db45d451cd60b05233a7a4f1c756a49150fbd3e50c78ddd6a,changwon-transition-diagnosis-model/1.0.0,changwon-electre-pilot-v1,SCENARIO_REGISTERED,SCENARIO_REGISTERED,bef58985e0714e5a149bbbbf667ed271296f86fc1b7d056f18d3518723da70f0
철강,2025Q3,9690.0,9743.0,-53.0,-0.5439802935440774,-111.0,False,1,20260916T061849980743Z-d1794cbf,2026-09-16T06:18:49.980743+00:00,58499908a6af50344a1362c55c840a58cfd80d4373c7098c4c97a9e0271a573b,9eab0a418a59d45db45d451cd60b05233a7a4f1c756a49150fbd3e50c78ddd6a,changwon-transition-diagnosis-model/1.0.0,changwon-electre-pilot-v1,SCENARIO_REGISTERED,SCENARIO_REGISTERED,bef58985e0714e5a149bbbbf667ed271296f86fc1b7d056f18d3518723da70f0
철강,2025Q4,9671.0,9737.0,-66.0,-0.6778268460511438,-19.0,False,2,20260916T061849980743Z-d1794cbf,2026-09-16T06:18:49.980743+00:00,58499908a6af50344a1362c55c840a58cfd80d4373c7098c4c97a9e0271a573b,9eab0a418a59d45db45d451cd60b05233a7a4f1c756a49150fbd3e50c78ddd6a,changwon-transition-diagnosis-model/1.0.0,changwon-electre-pilot-v1,SCENARIO_REGISTERED,SCENARIO_REGISTERED,bef58985e0714e5a149bbbbf667ed271296f86fc1b7d056f18d3518723da70f0
철강,2026Q1,9675.0,9753.0,-78.0,-0.7997539218701943,4.0,True,3,20260916T061849980743Z-d1794cbf,2026-09-16T06:18:49.980743+00:00,58499908a6af50344a1362c55c840a58cfd80d4373c7098c4c97a9e0271a573b,9eab0a418a59d45db45d451cd60b05233a7a4f1c756a49150fbd3e50c78ddd6a,changwon-transition-diagnosis-model/1.0.0,changwon-electre-pilot-v1,SCENARIO_REGISTERED,SCENARIO_REGISTERED,bef58985e0714e5a149bbbbf667ed271296f86fc1b7d056f18d3518723da70f0
철강,2026Q2,9689.0,9801.0,-112.0,-1.1427405366799317,14.0,True,4,20260916T061849980743Z-d1794cbf,2026-09-16T06:18:49.980743+00:00,58499908a6af50344a1362c55c840a58cfd80d4373c7098c4c97a9e0271a573b,9eab0a418a59d45db45d451cd60b05233a7a4f1c756a49150fbd3e50c78ddd6a,changwon-transition-diagnosis-model/1.0.0,changwon-electre-pilot-v1,SCENARIO_REGISTERED,SCENARIO_REGISTERED,bef58985e0714e5a149bbbbf667ed271296f86fc1b7d056f18d3518723da70f0
